"Date","V1","V2","V3","V4","Name","FinalPredictedTrump","FinalPredictedBiden","FinalPredictedOther","TrumpStateWinProb","BidenStateWinProb","OtherStateWinProb"
"2020-07-26 00:38:14","Alabama",10.2970240384977,16.5440421138597,22.7739902518681,"Alabama",57.3901926985109,40.6446302283639,1.96517707312526,98.3,1.7,0
"2020-07-26 00:38:14","Alaska",1.06653793922346,9.80151943253172,18.4738170010598,"Alaska",52.885065641542,42.9258950597032,4.1890392987549,82,18,0
"2020-07-26 00:38:14","Arizona",-5.44867246724412,2.7209740229907,10.9628361095169,"Arizona",49.6167204987362,47.2375326717914,3.14574682947243,62.3,37.7,0
"2020-07-26 00:38:14","Arkansas",13.2509699907372,21.4135333608036,29.7422226971462,"Arkansas",59.8379331806575,38.1289383311283,2.03312848821416,97.3,2.7,0
"2020-07-26 00:38:14","California",-37.4672901158575,-30.6239036755909,-24.1027454716718,"California",33.1547410753483,63.9155120552054,2.92974686944634,0.5,99.5,0
"2020-07-26 00:38:14","Colorado",-22.5501012054945,-14.3863670840295,-5.75561877969006,"Colorado",41.3520052923079,55.8600987782369,2.78789592945514,7.9,92.1,0
"2020-07-26 00:38:14","Connecticut",-29.6076687585872,-20.5623965016527,-11.5880997982799,"Connecticut",38.7072049086274,59.1528395083015,2.13995558307105,3.3,96.7,0
"2020-07-26 00:38:14","Delaware",-30.8142228800631,-23.577779604595,-16.6008145868368,"Delaware",37.3793356180834,60.8263730554373,1.79429132647925,1.2,98.8,0
"2020-07-26 00:38:14","District of Columbia",-91.0004746117644,-86.3766470929685,-81.7196076462849,"District of Columbia",5.83695161790651,92.0518183303754,2.11123005171807,0,100,0
"2020-07-26 00:38:14","Florida",-13.2602797816092,-5.17254074765638,3.05279957563471,"Florida",45.887372801711,51.0197849580113,3.09284224027767,29,71,0
"2020-07-26 00:38:14","Georgia",-6.37343845443156,0.106597070169652,6.51750905390436,"Georgia",48.910533953279,48.6045850007146,2.48488104600647,51.3,48.7,0
"2020-07-26 00:38:14","Hawaii",-51.4610302017622,-44.0902207618796,-36.4357539685401,"Hawaii",26.8581399471478,70.7906279687858,2.35123208406638,0.2,99.8,0
"2020-07-26 00:38:14","Idaho",20.6062945441295,29.4613060228764,38.2852848942781,"Idaho",63.3687010573173,33.8685350715972,2.76276387108554,99.4,0.6,0
"2020-07-26 00:38:14","Illinois",-30.2937801674642,-22.3017866100564,-14.2985520212428,"Illinois",38.1339100486629,60.0380331296702,1.82805682166693,2.5,97.5,0
"2020-07-26 00:38:14","Indiana",4.38259494035843,12.4960777627464,21.0722536838414,"Indiana",55.2827009470755,42.9235312585922,1.79376779433227,89.2,10.8,0
"2020-07-26 00:38:14","Iowa",-10.3411358138526,-1.26191629597374,7.86769544370453,"Iowa",48.1327061157162,48.7552179931724,3.11207589111142,45.5,54.5,0
"2020-07-26 00:38:14","Kansas",2.67744889149532,10.4425905100188,18.4227474184068,"Kansas",54.0067124524709,43.1342592727697,2.85902827475945,86.5,13.5,0
"2020-07-26 00:38:14","Kentucky",8.95641776876577,16.4630526878268,24.5471816026597,"Kentucky",57.1605865889581,40.587620316859,2.25179309418291,94.4,5.6,0
"2020-07-26 00:38:14","Louisiana",9.57106375354013,16.0952682981382,23.0734827531655,"Louisiana",57.2362441958715,41.0752256575791,1.6885301465494,96.1,3.9,0
"2020-07-26 00:38:14","Maine",-20.821106356031,-12.0248820613738,-3.22129098189806,"Maine",42.5652792188854,54.6878909351916,2.74682984592303,12.3,87.7,0
"2020-07-26 00:38:14","Maine-01",-32.7734433439465,-22.9527186121104,-12.620392044104,"Maine-01",37.0676062544827,60.5490532984921,2.38334044702518,2.7,97.3,0
"2020-07-26 00:38:14","Maine-02",-9.9856558365919,-0.489243626211246,8.64437469069512,"Maine-02",48.4193896028684,48.9959132729622,2.58469712416941,49.5,50.5,0
"2020-07-26 00:38:14","Maryland",-38.4398140193114,-31.4304794737143,-24.5209805088775,"Maryland",33.4734711928763,64.6740112106446,1.85251759647912,0.4,99.6,0
"2020-07-26 00:38:14","Massachusetts",-43.6489002543878,-34.0700524458142,-25.0225866851443,"Massachusetts",31.6531756329105,65.641360635166,2.70546373192351,0.6,99.4,0
"2020-07-26 00:38:14","Michigan",-17.5499895819091,-9.41384434212304,-1.12925554287458,"Michigan",43.6114613212846,53.0008385457345,3.38770013298083,17.5,82.5,0
"2020-07-26 00:38:14","Minnesota",-18.3511259329237,-10.0359168890498,-1.68096061818738,"Minnesota",44.0413447867089,53.4624759250698,2.49617928822133,15.2,84.8,0
"2020-07-26 00:38:14","Mississippi",5.22574111117356,11.1194415088726,17.1316063435588,"Mississippi",54.9413190684099,43.5663321543528,1.49234877723732,94.1,5.9,0
"2020-07-26 00:38:14","Missouri",0.883459500925912,8.39487226165046,16.6209761108331,"Missouri",53.2332635811653,44.5892203297406,2.17751608909411,82.1,17.9,0
"2020-07-26 00:38:14","Montana",3.99981197070769,12.1779733549017,20.6025977277893,"Montana",54.6557357992187,42.4372418366965,2.90702236408484,88.3,11.7,0
"2020-07-26 00:38:14","Nebraska",12.0484884020948,19.7407483075384,27.3062890903323,"Nebraska",58.7575114785934,39.0289423410477,2.21354618035898,97,3,0
"2020-07-26 00:38:14","Nebraska-01",8.14907352856639,15.7778075733308,23.7018915775371,"Nebraska-01",56.8915331262628,40.8695480390408,2.23891883469639,94.5,5.5,0
"2020-07-26 00:38:14","Nebraska-02",-8.60440042727318,-0.607934560315533,7.8099852642542,"Nebraska-02",48.7799954904288,49.0897269205618,2.13027758900939,47.4,52.6,0
"2020-07-26 00:38:14","Nebraska-03",39.8604809471496,47.5691306540899,54.8313410040045,"Nebraska-03",72.6918869877109,25.1663437887328,2.14176922355632,100,0,0
"2020-07-26 00:38:14","Nevada",-16.1380431131158,-7.96137388987643,0.261876185679629,"Nevada",43.9792150946098,52.1440300163081,3.87675488908212,20.7,79.3,0
"2020-07-26 00:38:14","New Hampshire",-16.9548097907011,-6.99359892480766,3.20214893954793,"New Hampshire",44.7354397881273,52.2568263785632,3.00773383330944,28.3,71.7,0
"2020-07-26 00:38:14","New Jersey",-29.9036597618386,-22.0080984270856,-14.147297213413,"New Jersey",37.4940589544259,59.1385706388154,3.36737040675866,2.5,97.5,0
"2020-07-26 00:38:14","New Mexico",-24.0224528593863,-16.3211867224814,-8.96731627173436,"New Mexico",40.6266820635725,56.9722363892008,2.40108154722668,4.3,95.7,0
"2020-07-26 00:38:14","New York",-34.1525050786697,-26.1240673512931,-18.5655863072194,"New York",35.385581048235,61.3074607195413,3.30695823222373,1.5,98.5,0
"2020-07-26 00:38:14","North Carolina",-9.92416399427937,-2.82280435203862,4.50996801147578,"North Carolina",47.1190787433326,50.0539605128818,2.82696074378564,36.3,63.7,0
"2020-07-26 00:38:14","North Dakota",19.2621490332321,27.605138753404,36.1208691869572,"North Dakota",62.5846093318274,34.7845730076348,2.63081766053781,99.1,0.9,0
"2020-07-26 00:38:14","Ohio",-9.80560170877878,-2.1663511909006,5.98513213335258,"Ohio",47.7963628953292,49.6996008663176,2.50403623835322,41.1,58.9,0
"2020-07-26 00:38:14","Oklahoma",21.3237210134654,28.6652338685484,35.8831302511841,"Oklahoma",63.7582408757276,34.7493087869867,1.49245033728571,99.1,0.9,0
"2020-07-26 00:38:14","Oregon",-22.0870704547919,-13.2320605535318,-4.48496044582934,"Oregon",41.5428926502703,54.6435988850059,3.81350846472383,11.4,88.6,0
"2020-07-26 00:38:14","Pennsylvania",-15.2417229360566,-7.27801039580191,0.831184740379303,"Pennsylvania",44.8209670120422,52.0990973769929,3.07993561096489,22.8,77.2,0
"2020-07-26 00:38:14","Rhode Island",-37.652261798816,-27.6630674083253,-17.959077627349,"Rhode Island",34.8960650180784,62.7487520974185,2.35518288450315,1.6,98.4,0
"2020-07-26 00:38:14","South Carolina",1.2979296520802,7.915586916637,14.4974557207618,"South Carolina",52.6468815354426,44.7258162028473,2.62730226171008,84.3,15.7,0
"2020-07-26 00:38:14","South Dakota",15.4815482479579,23.2319939577192,31.1791432234438,"South Dakota",60.8262851574503,37.1027341491191,2.07098069343057,98.2,1.8,0
"2020-07-26 00:38:14","Tennessee",6.10122515712242,14.1946615469587,21.7813459136601,"Tennessee",55.7894595533522,41.5744282113814,2.63611223526645,92.5,7.5,0
"2020-07-26 00:38:14","Texas",-3.90656694859245,3.5911749779982,10.8108887642885,"Texas",50.6203369418953,46.7513778553003,2.62828520280438,66.6,33.4,0
"2020-07-26 00:38:14","Utah",5.18056973338144,13.1277868323919,21.2552266023862,"Utah",54.1097322597924,40.8966576136519,4.99361012655578,89.9,10.1,0
"2020-07-26 00:38:14","Vermont",-45.440324941054,-35.7011551018727,-25.7347856106651,"Vermont",30.7143818290533,66.3136904174537,2.97192775349299,0.8,99.2,0
"2020-07-26 00:38:14","Virginia",-17.4931159292822,-10.0350553599369,-3.0091119152171,"Virginia",43.3278863771493,53.3312723969864,3.34084122586434,13.1,86.9,0
"2020-07-26 00:38:14","Washington",-32.3313966395435,-23.2774519609546,-14.5982638747462,"Washington",36.8382807602907,60.1744510326154,2.98726820709391,2.6,97.4,0
"2020-07-26 00:38:14","West Virginia",18.3024879879846,26.9714909149223,36.1221829369103,"West Virginia",62.7110750829998,35.557309750718,1.73161516628219,97.6,2.4,0
"2020-07-26 00:38:14","Wisconsin",-16.779236545626,-8.32311894068392,0.0154953040986787,"Wisconsin",44.5105675076218,52.2142010183914,3.27523147398677,20.1,79.9,0
"2020-07-26 00:38:14","Wyoming",33.2150474127346,40.941757245649,48.530997022183,"Wyoming",69.1251873376371,28.14008779614,2.73472486622294,100,0,0
"2020-07-26 00:39:05","Alabama",10.2970240384977,16.5440421138597,22.7739902518681,"Alabama",57.3901926985109,40.6446302283639,1.96517707312526,98.3,1.7,0
"2020-07-26 00:39:05","Alaska",1.06653793922346,9.80151943253172,18.4738170010598,"Alaska",52.885065641542,42.9258950597032,4.1890392987549,82,18,0
"2020-07-26 00:39:05","Arizona",-5.44867246724412,2.7209740229907,10.9628361095169,"Arizona",49.6167204987362,47.2375326717914,3.14574682947243,62.3,37.7,0
"2020-07-26 00:39:05","Arkansas",13.2509699907372,21.4135333608036,29.7422226971462,"Arkansas",59.8379331806575,38.1289383311283,2.03312848821416,97.3,2.7,0
"2020-07-26 00:39:05","California",-37.4672901158575,-30.6239036755909,-24.1027454716718,"California",33.1547410753483,63.9155120552054,2.92974686944634,0.5,99.5,0
"2020-07-26 00:39:05","Colorado",-22.5501012054945,-14.3863670840295,-5.75561877969006,"Colorado",41.3520052923079,55.8600987782369,2.78789592945514,7.9,92.1,0
"2020-07-26 00:39:05","Connecticut",-29.6076687585872,-20.5623965016527,-11.5880997982799,"Connecticut",38.7072049086274,59.1528395083015,2.13995558307105,3.3,96.7,0
"2020-07-26 00:39:05","Delaware",-30.8142228800631,-23.577779604595,-16.6008145868368,"Delaware",37.3793356180834,60.8263730554373,1.79429132647925,1.2,98.8,0
"2020-07-26 00:39:05","District of Columbia",-91.0004746117644,-86.3766470929685,-81.7196076462849,"District of Columbia",5.83695161790651,92.0518183303754,2.11123005171807,0,100,0
"2020-07-26 00:39:05","Florida",-13.2602797816092,-5.17254074765638,3.05279957563471,"Florida",45.887372801711,51.0197849580113,3.09284224027767,29,71,0
"2020-07-26 00:39:05","Georgia",-6.37343845443156,0.106597070169652,6.51750905390436,"Georgia",48.910533953279,48.6045850007146,2.48488104600647,51.3,48.7,0
"2020-07-26 00:39:05","Hawaii",-51.4610302017622,-44.0902207618796,-36.4357539685401,"Hawaii",26.8581399471478,70.7906279687858,2.35123208406638,0.2,99.8,0
"2020-07-26 00:39:05","Idaho",20.6062945441295,29.4613060228764,38.2852848942781,"Idaho",63.3687010573173,33.8685350715972,2.76276387108554,99.4,0.6,0
"2020-07-26 00:39:05","Illinois",-30.2937801674642,-22.3017866100564,-14.2985520212428,"Illinois",38.1339100486629,60.0380331296702,1.82805682166693,2.5,97.5,0
"2020-07-26 00:39:05","Indiana",4.38259494035843,12.4960777627464,21.0722536838414,"Indiana",55.2827009470755,42.9235312585922,1.79376779433227,89.2,10.8,0
"2020-07-26 00:39:05","Iowa",-10.3411358138526,-1.26191629597374,7.86769544370453,"Iowa",48.1327061157162,48.7552179931724,3.11207589111142,45.5,54.5,0
"2020-07-26 00:39:05","Kansas",2.67744889149532,10.4425905100188,18.4227474184068,"Kansas",54.0067124524709,43.1342592727697,2.85902827475945,86.5,13.5,0
"2020-07-26 00:39:05","Kentucky",8.95641776876577,16.4630526878268,24.5471816026597,"Kentucky",57.1605865889581,40.587620316859,2.25179309418291,94.4,5.6,0
"2020-07-26 00:39:05","Louisiana",9.57106375354013,16.0952682981382,23.0734827531655,"Louisiana",57.2362441958715,41.0752256575791,1.6885301465494,96.1,3.9,0
"2020-07-26 00:39:05","Maine",-20.821106356031,-12.0248820613738,-3.22129098189806,"Maine",42.5652792188854,54.6878909351916,2.74682984592303,12.3,87.7,0
"2020-07-26 00:39:05","Maine-01",-32.7734433439465,-22.9527186121104,-12.620392044104,"Maine-01",37.0676062544827,60.5490532984921,2.38334044702518,2.7,97.3,0
"2020-07-26 00:39:05","Maine-02",-9.9856558365919,-0.489243626211246,8.64437469069512,"Maine-02",48.4193896028684,48.9959132729622,2.58469712416941,49.5,50.5,0
"2020-07-26 00:39:05","Maryland",-38.4398140193114,-31.4304794737143,-24.5209805088775,"Maryland",33.4734711928763,64.6740112106446,1.85251759647912,0.4,99.6,0
"2020-07-26 00:39:05","Massachusetts",-43.6489002543878,-34.0700524458142,-25.0225866851443,"Massachusetts",31.6531756329105,65.641360635166,2.70546373192351,0.6,99.4,0
"2020-07-26 00:39:05","Michigan",-17.5499895819091,-9.41384434212304,-1.12925554287458,"Michigan",43.6114613212846,53.0008385457345,3.38770013298083,17.5,82.5,0
"2020-07-26 00:39:05","Minnesota",-18.3511259329237,-10.0359168890498,-1.68096061818738,"Minnesota",44.0413447867089,53.4624759250698,2.49617928822133,15.2,84.8,0
"2020-07-26 00:39:05","Mississippi",5.22574111117356,11.1194415088726,17.1316063435588,"Mississippi",54.9413190684099,43.5663321543528,1.49234877723732,94.1,5.9,0
"2020-07-26 00:39:05","Missouri",0.883459500925912,8.39487226165046,16.6209761108331,"Missouri",53.2332635811653,44.5892203297406,2.17751608909411,82.1,17.9,0
"2020-07-26 00:39:05","Montana",3.99981197070769,12.1779733549017,20.6025977277893,"Montana",54.6557357992187,42.4372418366965,2.90702236408484,88.3,11.7,0
"2020-07-26 00:39:05","Nebraska",12.0484884020948,19.7407483075384,27.3062890903323,"Nebraska",58.7575114785934,39.0289423410477,2.21354618035898,97,3,0
"2020-07-26 00:39:05","Nebraska-01",8.14907352856639,15.7778075733308,23.7018915775371,"Nebraska-01",56.8915331262628,40.8695480390408,2.23891883469639,94.5,5.5,0
"2020-07-26 00:39:05","Nebraska-02",-8.60440042727318,-0.607934560315533,7.8099852642542,"Nebraska-02",48.7799954904288,49.0897269205618,2.13027758900939,47.4,52.6,0
"2020-07-26 00:39:05","Nebraska-03",39.8604809471496,47.5691306540899,54.8313410040045,"Nebraska-03",72.6918869877109,25.1663437887328,2.14176922355632,100,0,0
"2020-07-26 00:39:05","Nevada",-16.1380431131158,-7.96137388987643,0.261876185679629,"Nevada",43.9792150946098,52.1440300163081,3.87675488908212,20.7,79.3,0
"2020-07-26 00:39:05","New Hampshire",-16.9548097907011,-6.99359892480766,3.20214893954793,"New Hampshire",44.7354397881273,52.2568263785632,3.00773383330944,28.3,71.7,0
"2020-07-26 00:39:05","New Jersey",-29.9036597618386,-22.0080984270856,-14.147297213413,"New Jersey",37.4940589544259,59.1385706388154,3.36737040675866,2.5,97.5,0
"2020-07-26 00:39:05","New Mexico",-24.0224528593863,-16.3211867224814,-8.96731627173436,"New Mexico",40.6266820635725,56.9722363892008,2.40108154722668,4.3,95.7,0
"2020-07-26 00:39:05","New York",-34.1525050786697,-26.1240673512931,-18.5655863072194,"New York",35.385581048235,61.3074607195413,3.30695823222373,1.5,98.5,0
"2020-07-26 00:39:05","North Carolina",-9.92416399427937,-2.82280435203862,4.50996801147578,"North Carolina",47.1190787433326,50.0539605128818,2.82696074378564,36.3,63.7,0
"2020-07-26 00:39:05","North Dakota",19.2621490332321,27.605138753404,36.1208691869572,"North Dakota",62.5846093318274,34.7845730076348,2.63081766053781,99.1,0.9,0
"2020-07-26 00:39:05","Ohio",-9.80560170877878,-2.1663511909006,5.98513213335258,"Ohio",47.7963628953292,49.6996008663176,2.50403623835322,41.1,58.9,0
"2020-07-26 00:39:05","Oklahoma",21.3237210134654,28.6652338685484,35.8831302511841,"Oklahoma",63.7582408757276,34.7493087869867,1.49245033728571,99.1,0.9,0
"2020-07-26 00:39:05","Oregon",-22.0870704547919,-13.2320605535318,-4.48496044582934,"Oregon",41.5428926502703,54.6435988850059,3.81350846472383,11.4,88.6,0
"2020-07-26 00:39:05","Pennsylvania",-15.2417229360566,-7.27801039580191,0.831184740379303,"Pennsylvania",44.8209670120422,52.0990973769929,3.07993561096489,22.8,77.2,0
"2020-07-26 00:39:05","Rhode Island",-37.652261798816,-27.6630674083253,-17.959077627349,"Rhode Island",34.8960650180784,62.7487520974185,2.35518288450315,1.6,98.4,0
"2020-07-26 00:39:05","South Carolina",1.2979296520802,7.915586916637,14.4974557207618,"South Carolina",52.6468815354426,44.7258162028473,2.62730226171008,84.3,15.7,0
"2020-07-26 00:39:05","South Dakota",15.4815482479579,23.2319939577192,31.1791432234438,"South Dakota",60.8262851574503,37.1027341491191,2.07098069343057,98.2,1.8,0
"2020-07-26 00:39:05","Tennessee",6.10122515712242,14.1946615469587,21.7813459136601,"Tennessee",55.7894595533522,41.5744282113814,2.63611223526645,92.5,7.5,0
"2020-07-26 00:39:05","Texas",-3.90656694859245,3.5911749779982,10.8108887642885,"Texas",50.6203369418953,46.7513778553003,2.62828520280438,66.6,33.4,0
"2020-07-26 00:39:05","Utah",5.18056973338144,13.1277868323919,21.2552266023862,"Utah",54.1097322597924,40.8966576136519,4.99361012655578,89.9,10.1,0
"2020-07-26 00:39:05","Vermont",-45.440324941054,-35.7011551018727,-25.7347856106651,"Vermont",30.7143818290533,66.3136904174537,2.97192775349299,0.8,99.2,0
"2020-07-26 00:39:05","Virginia",-17.4931159292822,-10.0350553599369,-3.0091119152171,"Virginia",43.3278863771493,53.3312723969864,3.34084122586434,13.1,86.9,0
"2020-07-26 00:39:05","Washington",-32.3313966395435,-23.2774519609546,-14.5982638747462,"Washington",36.8382807602907,60.1744510326154,2.98726820709391,2.6,97.4,0
"2020-07-26 00:39:05","West Virginia",18.3024879879846,26.9714909149223,36.1221829369103,"West Virginia",62.7110750829998,35.557309750718,1.73161516628219,97.6,2.4,0
"2020-07-26 00:39:05","Wisconsin",-16.779236545626,-8.32311894068392,0.0154953040986787,"Wisconsin",44.5105675076218,52.2142010183914,3.27523147398677,20.1,79.9,0
"2020-07-26 00:39:05","Wyoming",33.2150474127346,40.941757245649,48.530997022183,"Wyoming",69.1251873376371,28.14008779614,2.73472486622294,100,0,0
"2020-07-26 00:40:08","Alabama",9.80176751459399,16.4354785424501,22.7802115395825,"Alabama",57.3901926985109,40.6446302283639,1.96517707312526,97,3,0
"2020-07-26 00:40:08","Alaska",1.19904241527014,9.92572625334093,18.3600056804783,"Alaska",52.885065641542,42.9258950597032,4.1890392987549,83.5,16.5,0
"2020-07-26 00:40:08","Arizona",-5.23503211950553,2.34459969801452,10.4412485967894,"Arizona",49.6167204987362,47.2375326717914,3.14574682947243,61.4,38.6,0
"2020-07-26 00:40:08","Arkansas",13.8229620993253,21.5279079609626,29.4106038015239,"Arkansas",59.8379331806575,38.1289383311283,2.03312848821416,98.2,1.8,0
"2020-07-26 00:40:08","California",-37.4201690319255,-30.4626155581222,-23.2147151420286,"California",33.1547410753483,63.9155120552054,2.92974686944634,0.4,99.6,0
"2020-07-26 00:40:08","Colorado",-23.0917896597955,-14.676780728573,-6.2051481640535,"Colorado",41.3520052923079,55.8600987782369,2.78789592945514,7,93,0
"2020-07-26 00:40:08","Connecticut",-29.5486289048921,-20.7644578262153,-11.7907435317306,"Connecticut",38.7072049086274,59.1528395083015,2.13995558307105,2.8,97.2,0
"2020-07-26 00:40:08","Delaware",-31.047462925316,-23.5757328169477,-16.4588624280585,"Delaware",37.3793356180834,60.8263730554373,1.79429132647925,0.6,99.4,0
"2020-07-26 00:40:08","District of Columbia",-90.8484771466528,-86.4671572946671,-82.1096019836055,"District of Columbia",5.83695161790651,92.0518183303754,2.11123005171807,0,100,0
"2020-07-26 00:40:08","Florida",-13.9103334326947,-5.62980586450098,2.31406882375751,"Florida",45.887372801711,51.0197849580113,3.09284224027767,26,74,0
"2020-07-26 00:40:08","Georgia",-6.45816971078818,-0.308306051741144,6.2196089945452,"Georgia",48.910533953279,48.6045850007146,2.48488104600647,47.6,52.4,0
"2020-07-26 00:40:08","Hawaii",-51.3212632195195,-43.6302476694886,-36.1224916216007,"Hawaii",26.8581399471478,70.7906279687858,2.35123208406638,0.1,99.9,0
"2020-07-26 00:40:08","Idaho",21.1848173232073,29.6372328574405,37.7225828285828,"Idaho",63.3687010573173,33.8685350715972,2.76276387108554,99.3,0.7,0
"2020-07-26 00:40:08","Illinois",-29.1581564669294,-21.5307898205378,-13.8800818151982,"Illinois",38.1339100486629,60.0380331296702,1.82805682166693,2.3,97.7,0
"2020-07-26 00:40:08","Indiana",5.16331463981245,12.5816729373904,20.7268952303629,"Indiana",55.2827009470755,42.9235312585922,1.79376779433227,90.1,9.9,0
"2020-07-26 00:40:08","Iowa",-8.93987259615212,-0.41038843276014,7.7138647035278,"Iowa",48.1327061157162,48.7552179931724,3.11207589111142,49.7,50.3,0
"2020-07-26 00:40:08","Kansas",2.54471211211579,10.9689289329144,18.9510701449291,"Kansas",54.0067124524709,43.1342592727697,2.85902827475945,87.1,12.9,0
"2020-07-26 00:40:08","Kentucky",8.32467759420004,16.6490672353998,24.5697338498876,"Kentucky",57.1605865889581,40.587620316859,2.25179309418291,96,4,0
"2020-07-26 00:40:08","Louisiana",8.50641048848147,15.5776177623315,22.6491818650782,"Louisiana",57.2362441958715,41.0752256575791,1.6885301465494,95.9,4.1,0
"2020-07-26 00:40:08","Maine",-20.7518298995834,-12.2823286059845,-3.45628030146059,"Maine",42.5652792188854,54.6878909351916,2.74682984592303,13.2,86.8,0
"2020-07-26 00:40:08","Maine-01",-33.4142652978973,-23.9460350709611,-14.4670496378239,"Maine-01",37.0676062544827,60.5490532984921,2.38334044702518,2.6,97.4,0
"2020-07-26 00:40:08","Maine-02",-9.36403391628683,-1.0581755957791,7.24540648987499,"Maine-02",48.4193896028684,48.9959132729622,2.58469712416941,47.8,52.2,0
"2020-07-26 00:40:08","Maryland",-38.2418116493779,-31.4917253564168,-24.8976015072198,"Maryland",33.4734711928763,64.6740112106446,1.85251759647912,0.1,99.9,0
"2020-07-26 00:40:08","Massachusetts",-43.2065302487852,-34.3847520963382,-24.8583948622049,"Massachusetts",31.6531756329105,65.641360635166,2.70546373192351,0.5,99.5,0
"2020-07-26 00:40:08","Michigan",-17.3537964202538,-9.41542727310971,-1.63217344282922,"Michigan",43.6114613212846,53.0008385457345,3.38770013298083,16.8,83.2,0
"2020-07-26 00:40:08","Minnesota",-16.6820509239508,-9.16244560166665,-1.77580060135487,"Minnesota",44.0413447867089,53.4624759250698,2.49617928822133,15.3,84.7,0
"2020-07-26 00:40:08","Mississippi",5.15625072093895,11.0678498940037,17.2338104693754,"Mississippi",54.9413190684099,43.5663321543528,1.49234877723732,92.9,7.1,0
"2020-07-26 00:40:08","Missouri",0.325182120731694,8.55825245410676,16.4733434806529,"Missouri",53.2332635811653,44.5892203297406,2.17751608909411,80.7,19.3,0
"2020-07-26 00:40:08","Montana",4.30414328005212,12.1873814402349,19.595477875154,"Montana",54.6557357992187,42.4372418366965,2.90702236408484,89.5,10.5,0
"2020-07-26 00:40:08","Nebraska",10.8253771099415,19.3232974773359,27.7589763672658,"Nebraska",58.7575114785934,39.0289423410477,2.21354618035898,96.7,3.3,0
"2020-07-26 00:40:08","Nebraska-01",8.26004471408113,15.9432404643645,23.744996176808,"Nebraska-01",56.8915331262628,40.8695480390408,2.23891883469639,94.5,5.5,0
"2020-07-26 00:40:08","Nebraska-02",-9.05562977337118,-0.412651427203223,8.02614471425853,"Nebraska-02",48.7799954904288,49.0897269205618,2.13027758900939,47.7,52.3,0
"2020-07-26 00:40:08","Nebraska-03",39.2168832385416,47.6186707315539,55.9916470200161,"Nebraska-03",72.6918869877109,25.1663437887328,2.14176922355632,100,0,0
"2020-07-26 00:40:08","Nevada",-16.4533325092177,-8.19055857754462,0.490748352782837,"Nevada",43.9792150946098,52.1440300163081,3.87675488908212,21.2,78.8,0
"2020-07-26 00:40:08","New Hampshire",-18.0814305311703,-7.76977647404659,2.94215961285141,"New Hampshire",44.7354397881273,52.2568263785632,3.00773383330944,27,73,0
"2020-07-26 00:40:08","New Jersey",-30.0961793202111,-21.8026124721393,-13.9626534184108,"New Jersey",37.4940589544259,59.1385706388154,3.36737040675866,1.8,98.2,0
"2020-07-26 00:40:08","New Mexico",-23.504268234728,-16.5084992476625,-9.58901183372737,"New Mexico",40.6266820635725,56.9722363892008,2.40108154722668,4,96,0
"2020-07-26 00:40:08","New York",-34.2039330498045,-26.2456024947177,-18.4244543599779,"New York",35.385581048235,61.3074607195413,3.30695823222373,0.7,99.3,0
"2020-07-26 00:40:08","North Carolina",-10.9663951005592,-3.37999845963287,4.35677624719679,"North Carolina",47.1190787433326,50.0539605128818,2.82696074378564,36.2,63.8,0
"2020-07-26 00:40:08","North Dakota",19.1036783950126,27.7652439061616,36.0538026440904,"North Dakota",62.5846093318274,34.7845730076348,2.63081766053781,99.2,0.8,0
"2020-07-26 00:40:08","Ohio",-10.2970027375199,-2.00717234276266,6.16166434655322,"Ohio",47.7963628953292,49.6996008663176,2.50403623835322,41.8,58.2,0
"2020-07-26 00:40:08","Oklahoma",21.9267888628353,29.0894924420685,36.1492012448829,"Oklahoma",63.7582408757276,34.7493087869867,1.49245033728571,99.7,0.3,0
"2020-07-26 00:40:08","Oregon",-21.573209509372,-12.8584470629259,-4.67088005429292,"Oregon",41.5428926502703,54.6435988850059,3.81350846472383,10.8,89.2,0
"2020-07-26 00:40:08","Pennsylvania",-15.0739216512246,-7.26358592344803,0.209732405964394,"Pennsylvania",44.8209670120422,52.0990973769929,3.07993561096489,20.8,79.2,0
"2020-07-26 00:40:08","Rhode Island",-37.7463895627174,-28.3204091605391,-18.6044824139945,"Rhode Island",34.8960650180784,62.7487520974185,2.35518288450315,1.5,98.5,0
"2020-07-26 00:40:08","South Carolina",1.1016379798656,7.49877386604067,14.2364012251707,"South Carolina",52.6468815354426,44.7258162028473,2.62730226171008,81.8,18.2,0
"2020-07-26 00:40:08","South Dakota",15.1828160019793,23.6285035148376,31.8586768995089,"South Dakota",60.8262851574503,37.1027341491191,2.07098069343057,98.4,1.6,0
"2020-07-26 00:40:08","Tennessee",6.03104549569468,14.0864401015421,21.6611792837693,"Tennessee",55.7894595533522,41.5744282113814,2.63611223526645,93.7,6.3,0
"2020-07-26 00:40:08","Texas",-3.8726117289131,3.39503647108496,10.5670597245504,"Texas",50.6203369418953,46.7513778553003,2.62828520280438,65.5,34.5,0
"2020-07-26 00:40:08","Utah",5.15513349699076,13.4186577796373,21.8867388590239,"Utah",54.1097322597924,40.8966576136519,4.99361012655578,92.3,7.7,0
"2020-07-26 00:40:08","Vermont",-45.0039263524146,-35.9430724916458,-26.3853171173716,"Vermont",30.7143818290533,66.3136904174537,2.97192775349299,0.3,99.7,0
"2020-07-26 00:40:08","Virginia",-17.3395128196271,-10.3921303532949,-3.74078258194479,"Virginia",43.3278863771493,53.3312723969864,3.34084122586434,10.3,89.7,0
"2020-07-26 00:40:08","Washington",-31.5010254994237,-23.1620250929046,-14.7134368586758,"Washington",36.8382807602907,60.1744510326154,2.98726820709391,2.1,97.9,0
"2020-07-26 00:40:08","West Virginia",19.1638848931308,27.4869752308073,36.0590993327139,"West Virginia",62.7110750829998,35.557309750718,1.73161516628219,98.9,1.1,0
"2020-07-26 00:40:08","Wisconsin",-15.7743921839275,-7.50373971712143,-0.0123645544867457,"Wisconsin",44.5105675076218,52.2142010183914,3.27523147398677,19.9,80.1,0
"2020-07-26 00:40:08","Wyoming",34.02589141667,41.1188785779264,48.1914546969303,"Wyoming",69.1251873376371,28.14008779614,2.73472486622294,100,0,0
"2020-07-26 00:41:08","Alabama",10.8061964806838,16.7031886370172,22.6447139581667,"Alabama",57.3901926985109,40.6446302283639,1.96517707312526,97,3,0
"2020-07-26 00:41:08","Alaska",2.04114077344368,9.89485685249339,18.0075664214188,"Alaska",52.885065641542,42.9258950597032,4.1890392987549,84.3,15.7,0
"2020-07-26 00:41:08","Arizona",-5.74936019961546,2.34303604192247,10.0975499187195,"Arizona",49.6167204987362,47.2375326717914,3.14574682947243,59.1,40.9,0
"2020-07-26 00:41:08","Arkansas",13.4825257613301,21.6124612883578,29.8890612824304,"Arkansas",59.8379331806575,38.1289383311283,2.03312848821416,98.1,1.9,0
"2020-07-26 00:41:08","California",-37.6645980253627,-30.9266906965586,-23.795381885736,"California",33.1547410753483,63.9155120552054,2.92974686944634,0.2,99.8,0
"2020-07-26 00:41:08","Colorado",-23.4036073947368,-14.5152275044502,-6.04984940556023,"Colorado",41.3520052923079,55.8600987782369,2.78789592945514,7.6,92.4,0
"2020-07-26 00:41:08","Connecticut",-28.6780085943536,-20.3313549885632,-12.0370677957046,"Connecticut",38.7072049086274,59.1528395083015,2.13995558307105,2.6,97.4,0
"2020-07-26 00:41:08","Delaware",-30.5790799867777,-23.3373281024276,-16.4978823034921,"Delaware",37.3793356180834,60.8263730554373,1.79429132647925,0.8,99.2,0
"2020-07-26 00:41:08","District of Columbia",-90.6944337721209,-86.2006097959671,-81.8815191121386,"District of Columbia",5.83695161790651,92.0518183303754,2.11123005171807,0,100,0
"2020-07-26 00:41:08","Florida",-13.3833841005617,-5.50698704454529,2.25089698926664,"Florida",45.887372801711,51.0197849580113,3.09284224027767,28.3,71.7,0
"2020-07-26 00:41:08","Georgia",-6.54260934790234,-0.0166224617874548,6.65198658028719,"Georgia",48.910533953279,48.6045850007146,2.48488104600647,49.2,50.8,0
"2020-07-26 00:41:08","Hawaii",-50.8589201434634,-43.961766266739,-36.8430423491655,"Hawaii",26.8581399471478,70.7906279687858,2.35123208406638,0.1,99.9,0
"2020-07-26 00:41:08","Idaho",21.7023178495391,29.3129822180799,37.6001630450843,"Idaho",63.3687010573173,33.8685350715972,2.76276387108554,98.7,1.3,0
"2020-07-26 00:41:08","Illinois",-30.2352285870385,-21.8562749372541,-13.680335053574,"Illinois",38.1339100486629,60.0380331296702,1.82805682166693,1.7,98.3,0
"2020-07-26 00:41:08","Indiana",4.31767113916972,12.0266816790595,19.261467698993,"Indiana",55.2827009470755,42.9235312585922,1.79376779433227,89.8,10.2,0
"2020-07-26 00:41:08","Iowa",-9.30457173759483,-0.196644789667812,8.87676411840214,"Iowa",48.1327061157162,48.7552179931724,3.11207589111142,49.3,50.7,0
"2020-07-26 00:41:08","Kansas",3.10748092986166,10.9326495381816,18.9901713781676,"Kansas",54.0067124524709,43.1342592727697,2.85902827475945,86.9,13.1,0
"2020-07-26 00:41:08","Kentucky",8.87564905909887,16.6641062873656,24.4602470161805,"Kentucky",57.1605865889581,40.587620316859,2.25179309418291,95.4,4.6,0
"2020-07-26 00:41:08","Louisiana",9.1963534922091,15.9093099495319,22.5498567085967,"Louisiana",57.2362441958715,41.0752256575791,1.6885301465494,96.4,3.6,0
"2020-07-26 00:41:08","Maine",-20.7622361028086,-11.9896087014207,-3.18307882701706,"Maine",42.5652792188854,54.6878909351916,2.74682984592303,14.4,85.6,0
"2020-07-26 00:41:08","Maine-01",-32.2803270617342,-23.2090622347867,-13.9380495472021,"Maine-01",37.0676062544827,60.5490532984921,2.38334044702518,3.7,96.3,0
"2020-07-26 00:41:08","Maine-02",-8.59332920447326,-0.457005639198212,7.87381285466731,"Maine-02",48.4193896028684,48.9959132729622,2.58469712416941,49.3,50.7,0
"2020-07-26 00:41:08","Maryland",-38.2209668199349,-31.486609687303,-25.113144420146,"Maryland",33.4734711928763,64.6740112106446,1.85251759647912,0.1,99.9,0
"2020-07-26 00:41:08","Massachusetts",-43.7869478070567,-34.2370021575849,-25.6296035522117,"Massachusetts",31.6531756329105,65.641360635166,2.70546373192351,0.9,99.1,0
"2020-07-26 00:41:08","Michigan",-16.6652603838828,-9.40301313436727,-1.97269214907015,"Michigan",43.6114613212846,53.0008385457345,3.38770013298083,14.3,85.7,0
"2020-07-26 00:41:08","Minnesota",-17.6455414642209,-9.14960865184804,-0.757560679975878,"Minnesota",44.0413447867089,53.4624759250698,2.49617928822133,18.3,81.7,0
"2020-07-26 00:41:08","Mississippi",5.63613231948573,11.507599785837,17.1751570301065,"Mississippi",54.9413190684099,43.5663321543528,1.49234877723732,94,6,0
"2020-07-26 00:41:08","Missouri",0.985981496108613,8.58185813507161,16.7463342005732,"Missouri",53.2332635811653,44.5892203297406,2.17751608909411,83,17,0
"2020-07-26 00:41:08","Montana",4.3964727056351,12.0329497884857,20.3223612181302,"Montana",54.6557357992187,42.4372418366965,2.90702236408484,89,11,0
"2020-07-26 00:41:08","Nebraska",11.8703020363339,19.7242729881197,28.136027538224,"Nebraska",58.7575114785934,39.0289423410477,2.21354618035898,96.5,3.5,0
"2020-07-26 00:41:08","Nebraska-01",8.48328845519564,16.0036036966421,23.3936100093056,"Nebraska-01",56.8915331262628,40.8695480390408,2.23891883469639,95.2,4.8,0
"2020-07-26 00:41:08","Nebraska-02",-8.32492661535963,-0.434138264129086,8.42721213732201,"Nebraska-02",48.7799954904288,49.0897269205618,2.13027758900939,48.4,51.6,0
"2020-07-26 00:41:08","Nebraska-03",39.8749465614876,47.9071659154002,56.504505525153,"Nebraska-03",72.6918869877109,25.1663437887328,2.14176922355632,99.9,0.1,0
"2020-07-26 00:41:08","Nevada",-16.7064635413768,-8.22669562426596,-0.0824714887453803,"Nevada",43.9792150946098,52.1440300163081,3.87675488908212,19.6,80.4,0
"2020-07-26 00:41:08","New Hampshire",-16.6964747222108,-7.53666223935237,2.22562979882629,"New Hampshire",44.7354397881273,52.2568263785632,3.00773383330944,25.4,74.6,0
"2020-07-26 00:41:08","New Jersey",-30.3013546387898,-21.7497387545265,-13.4084469721204,"New Jersey",37.4940589544259,59.1385706388154,3.36737040675866,2.1,97.9,0
"2020-07-26 00:41:08","New Mexico",-24.1502175920015,-16.2345758072715,-8.65457992202868,"New Mexico",40.6266820635725,56.9722363892008,2.40108154722668,4.7,95.3,0
"2020-07-26 00:41:08","New York",-33.7003999502151,-25.9340735873033,-17.9477239043495,"New York",35.385581048235,61.3074607195413,3.30695823222373,0.6,99.4,0
"2020-07-26 00:41:08","North Carolina",-9.89584178110723,-2.89140009614055,4.29193912368149,"North Carolina",47.1190787433326,50.0539605128818,2.82696074378564,37.6,62.4,0
"2020-07-26 00:41:08","North Dakota",19.732618050573,27.8741333874326,36.6283836183293,"North Dakota",62.5846093318274,34.7845730076348,2.63081766053781,98.9,1.1,0
"2020-07-26 00:41:08","Ohio",-9.98395622877625,-2.46778735787347,5.06408479458022,"Ohio",47.7963628953292,49.6996008663176,2.50403623835322,38.8,61.2,0
"2020-07-26 00:41:08","Oklahoma",21.4380524683246,28.9875215054293,36.2044573852236,"Oklahoma",63.7582408757276,34.7493087869867,1.49245033728571,99.5,0.5,0
"2020-07-26 00:41:08","Oregon",-21.0256134622024,-13.0106180131292,-4.62532238525331,"Oregon",41.5428926502703,54.6435988850059,3.81350846472383,10.6,89.4,0
"2020-07-26 00:41:08","Pennsylvania",-15.4496453389033,-7.76149314209477,-0.398302558013078,"Pennsylvania",44.8209670120422,52.0990973769929,3.07993561096489,19.1,80.9,0
"2020-07-26 00:41:08","Rhode Island",-37.7942597126041,-27.9616132302758,-18.3068083417618,"Rhode Island",34.8960650180784,62.7487520974185,2.35518288450315,1.7,98.3,0
"2020-07-26 00:41:08","South Carolina",1.148476980452,7.69123442314664,14.2940897734473,"South Carolina",52.6468815354426,44.7258162028473,2.62730226171008,82.7,17.3,0
"2020-07-26 00:41:08","South Dakota",15.5276486821803,23.6732784055633,31.2212896816428,"South Dakota",60.8262851574503,37.1027341491191,2.07098069343057,98,2,0
"2020-07-26 00:41:08","Tennessee",6.00512684409033,13.8927302779464,21.6714340387727,"Tennessee",55.7894595533522,41.5744282113814,2.63611223526645,92.7,7.3,0
"2020-07-26 00:41:08","Texas",-3.37945478402322,3.7199695263429,10.8166121338923,"Texas",50.6203369418953,46.7513778553003,2.62828520280438,67.6,32.4,0
"2020-07-26 00:41:08","Utah",5.3512479737804,12.9493427165484,21.0764940516456,"Utah",54.1097322597924,40.8966576136519,4.99361012655578,90.4,9.6,0
"2020-07-26 00:41:08","Vermont",-44.5651400592008,-35.4136389641301,-25.9888144725899,"Vermont",30.7143818290533,66.3136904174537,2.97192775349299,1,99,0
"2020-07-26 00:41:08","Virginia",-17.1863993007803,-10.1592057825195,-2.68388786403571,"Virginia",43.3278863771493,53.3312723969864,3.34084122586434,11.7,88.3,0
"2020-07-26 00:41:08","Washington",-31.4475182940757,-23.346241114362,-15.3252334046778,"Washington",36.8382807602907,60.1744510326154,2.98726820709391,1.7,98.3,0
"2020-07-26 00:41:08","West Virginia",18.733472658919,27.4304205189546,36.2927703772523,"West Virginia",62.7110750829998,35.557309750718,1.73161516628219,99,1,0
"2020-07-26 00:41:08","Wisconsin",-15.9593202273175,-7.5024754358794,0.742667007301506,"Wisconsin",44.5105675076218,52.2142010183914,3.27523147398677,22.9,77.1,0
"2020-07-26 00:41:08","Wyoming",33.9860177071418,40.7582685959383,47.7044353070904,"Wyoming",69.1251873376371,28.14008779614,2.73472486622294,99.9,0.1,0
"2020-07-26 00:42:08","Alabama",10.4554519981312,16.2576924755582,22.5658489728502,"Alabama",57.3901926985109,40.6446302283639,1.96517707312526,96.9,3.1,0
"2020-07-26 00:42:08","Alaska",1.30287093049407,10.5109642960588,18.5668385186801,"Alaska",52.885065641542,42.9258950597032,4.1890392987549,84.5,15.5,0
"2020-07-26 00:42:08","Arizona",-5.22275496666271,2.99556036694176,11.2797286280063,"Arizona",49.6167204987362,47.2375326717914,3.14574682947243,62.4,37.6,0
"2020-07-26 00:42:08","Arkansas",13.9457750855245,21.6966316094281,29.717637180384,"Arkansas",59.8379331806575,38.1289383311283,2.03312848821416,97.9,2.1,0
"2020-07-26 00:42:08","California",-37.3041264466099,-30.6094127511896,-24.0182828604702,"California",33.1547410753483,63.9155120552054,2.92974686944634,0.5,99.5,0
"2020-07-26 00:42:08","Colorado",-21.9308934453564,-14.0902307832278,-5.99963617536112,"Colorado",41.3520052923079,55.8600987782369,2.78789592945514,7.6,92.4,0
"2020-07-26 00:42:08","Connecticut",-29.0382727553635,-20.8058186164778,-11.9930121560619,"Connecticut",38.7072049086274,59.1528395083015,2.13995558307105,3.3,96.7,0
"2020-07-26 00:42:08","Delaware",-29.8365218099468,-23.3955754017598,-16.7840580255248,"Delaware",37.3793356180834,60.8263730554373,1.79429132647925,0.7,99.3,0
"2020-07-26 00:42:08","District of Columbia",-90.1849487761056,-86.1745638146625,-82.1318427720126,"District of Columbia",5.83695161790651,92.0518183303754,2.11123005171807,0,100,0
"2020-07-26 00:42:08","Florida",-12.6327339197582,-4.62523177909256,3.85366638172838,"Florida",45.887372801711,51.0197849580113,3.09284224027767,31,69,0
"2020-07-26 00:42:08","Georgia",-5.4598540096852,0.653157051849962,7.06553957532059,"Georgia",48.910533953279,48.6045850007146,2.48488104600647,53.6,46.4,0
"2020-07-26 00:42:08","Hawaii",-51.7797115613174,-43.8412654445376,-36.1342408421073,"Hawaii",26.8581399471478,70.7906279687858,2.35123208406638,0.2,99.8,0
"2020-07-26 00:42:08","Idaho",20.8488886862968,29.5890345099715,38.1753326031265,"Idaho",63.3687010573173,33.8685350715972,2.76276387108554,99.5,0.5,0
"2020-07-26 00:42:08","Illinois",-29.4201645183524,-22.0831229322331,-14.4252687020025,"Illinois",38.1339100486629,60.0380331296702,1.82805682166693,1.6,98.4,0
"2020-07-26 00:42:08","Indiana",4.73426857475162,12.0840207579049,19.6383162945573,"Indiana",55.2827009470755,42.9235312585922,1.79376779433227,90.5,9.5,0
"2020-07-26 00:42:08","Iowa",-10.4890139210683,-0.964255765279237,8.52600768463036,"Iowa",48.1327061157162,48.7552179931724,3.11207589111142,47.2,52.8,0
"2020-07-26 00:42:08","Kansas",2.3388480805509,10.7589324977031,18.6728230143995,"Kansas",54.0067124524709,43.1342592727697,2.85902827475945,85.6,14.4,0
"2020-07-26 00:42:08","Kentucky",9.27101537321609,16.5817388209872,23.9697201480547,"Kentucky",57.1605865889581,40.587620316859,2.25179309418291,96.1,3.9,0
"2020-07-26 00:42:08","Louisiana",8.43080698389922,15.8706341357411,23.4075887361558,"Louisiana",57.2362441958715,41.0752256575791,1.6885301465494,95.4,4.6,0
"2020-07-26 00:42:08","Maine",-21.4245525461603,-12.3984074787009,-3.01197197280594,"Maine",42.5652792188854,54.6878909351916,2.74682984592303,14.3,85.7,0
"2020-07-26 00:42:08","Maine-01",-33.9616695179022,-23.4845854083084,-13.6794647908362,"Maine-01",37.0676062544827,60.5490532984921,2.38334044702518,2.9,97.1,0
"2020-07-26 00:42:08","Maine-02",-9.08125585298252,-0.731971423900356,8.19857051315766,"Maine-02",48.4193896028684,48.9959132729622,2.58469712416941,45.3,54.7,0
"2020-07-26 00:42:08","Maryland",-37.2718700334898,-30.9020175481998,-24.8901003589464,"Maryland",33.4734711928763,64.6740112106446,1.85251759647912,0,100,0
"2020-07-26 00:42:08","Massachusetts",-43.0188802539405,-34.0827434352536,-24.4172435703375,"Massachusetts",31.6531756329105,65.641360635166,2.70546373192351,0.4,99.6,0
"2020-07-26 00:42:08","Michigan",-17.1404922191226,-9.48265903104886,-1.38470516415119,"Michigan",43.6114613212846,53.0008385457345,3.38770013298083,17.1,82.9,0
"2020-07-26 00:42:08","Minnesota",-17.0544714976662,-9.28648919094881,-1.37742526802805,"Minnesota",44.0413447867089,53.4624759250698,2.49617928822133,17,83,0
"2020-07-26 00:42:08","Mississippi",5.50957861981462,11.22180434019,17.2607917624956,"Mississippi",54.9413190684099,43.5663321543528,1.49234877723732,93.5,6.5,0
"2020-07-26 00:42:08","Missouri",0.769149463297314,8.53306727998844,16.4400770942313,"Missouri",53.2332635811653,44.5892203297406,2.17751608909411,81.7,18.3,0
"2020-07-26 00:42:08","Montana",4.485590122478,12.5866113499494,20.3999566734734,"Montana",54.6557357992187,42.4372418366965,2.90702236408484,89.3,10.7,0
"2020-07-26 00:42:08","Nebraska",10.9438672606971,19.6515892631075,27.847487327294,"Nebraska",58.7575114785934,39.0289423410477,2.21354618035898,97.2,2.8,0
"2020-07-26 00:42:08","Nebraska-01",7.94442290605352,15.7807373848246,23.3170099826828,"Nebraska-01",56.8915331262628,40.8695480390408,2.23891883469639,94.8,5.2,0
"2020-07-26 00:42:08","Nebraska-02",-8.62621414933004,-0.211183377160626,8.16026709175574,"Nebraska-02",48.7799954904288,49.0897269205618,2.13027758900939,47.9,52.1,0
"2020-07-26 00:42:08","Nebraska-03",39.2345409656392,47.4466931022678,55.4683638638198,"Nebraska-03",72.6918869877109,25.1663437887328,2.14176922355632,100,0,0
"2020-07-26 00:42:08","Nevada",-16.1462337875017,-8.18375180244521,-0.0866933158812084,"Nevada",43.9792150946098,52.1440300163081,3.87675488908212,19.8,80.2,0
"2020-07-26 00:42:08","New Hampshire",-17.824994998948,-7.84900809729029,2.81795114100689,"New Hampshire",44.7354397881273,52.2568263785632,3.00773383330944,26.8,73.2,0
"2020-07-26 00:42:08","New Jersey",-29.4733992679601,-21.3984237459415,-13.5275029726426,"New Jersey",37.4940589544259,59.1385706388154,3.36737040675866,2.5,97.5,0
"2020-07-26 00:42:08","New Mexico",-22.9045965584632,-15.4927253432696,-7.94969570981632,"New Mexico",40.6266820635725,56.9722363892008,2.40108154722668,4.4,95.6,0
"2020-07-26 00:42:08","New York",-32.6905382186473,-25.6525976690914,-18.5559077989164,"New York",35.385581048235,61.3074607195413,3.30695823222373,0.8,99.2,0
"2020-07-26 00:42:08","North Carolina",-10.1138220435013,-2.85552049310457,4.35282910405614,"North Carolina",47.1190787433326,50.0539605128818,2.82696074378564,36,64,0
"2020-07-26 00:42:08","North Dakota",19.5992749996597,27.8986259405807,36.1354145396651,"North Dakota",62.5846093318274,34.7845730076348,2.63081766053781,99,1,0
"2020-07-26 00:42:08","Ohio",-9.662842155654,-1.76152081479729,6.05828984752484,"Ohio",47.7963628953292,49.6996008663176,2.50403623835322,44.3,55.7,0
"2020-07-26 00:42:08","Oklahoma",21.5692064348196,28.9122053490681,36.0679927550382,"Oklahoma",63.7582408757276,34.7493087869867,1.49245033728571,99.5,0.5,0
"2020-07-26 00:42:08","Oregon",-21.3984878816763,-12.8124228180018,-3.75521270997153,"Oregon",41.5428926502703,54.6435988850059,3.81350846472383,12,88,0
"2020-07-26 00:42:08","Pennsylvania",-15.0064751185613,-7.57131966808814,-0.375168065003651,"Pennsylvania",44.8209670120422,52.0990973769929,3.07993561096489,19.4,80.6,0
"2020-07-26 00:42:08","Rhode Island",-37.46291131027,-27.8510158046129,-18.3428280606651,"Rhode Island",34.8960650180784,62.7487520974185,2.35518288450315,2.1,97.9,0
"2020-07-26 00:42:08","South Carolina",0.678855262215716,7.95536439790747,14.7643219109105,"South Carolina",52.6468815354426,44.7258162028473,2.62730226171008,83.6,16.4,0
"2020-07-26 00:42:08","South Dakota",15.4209881287437,23.8335735576305,32.299396412553,"South Dakota",60.8262851574503,37.1027341491191,2.07098069343057,98.8,1.2,0
"2020-07-26 00:42:08","Tennessee",6.24621447756558,14.1662306657609,21.9129573925796,"Tennessee",55.7894595533522,41.5744282113814,2.63611223526645,93.3,6.7,0
"2020-07-26 00:42:08","Texas",-3.05416256388012,3.91833197459431,11.3766168545551,"Texas",50.6203369418953,46.7513778553003,2.62828520280438,69.4,30.6,0
"2020-07-26 00:42:08","Utah",5.49074139155912,13.7455280659096,21.9726438723657,"Utah",54.1097322597924,40.8966576136519,4.99361012655578,91.5,8.5,0
"2020-07-26 00:42:08","Vermont",-45.2039853532716,-35.731842430975,-26.5322329380096,"Vermont",30.7143818290533,66.3136904174537,2.97192775349299,0.8,99.2,0
"2020-07-26 00:42:08","Virginia",-17.0703306760041,-9.52677977380081,-2.2490704116586,"Virginia",43.3278863771493,53.3312723969864,3.34084122586434,14.2,85.8,0
"2020-07-26 00:42:08","Washington",-31.1713631156947,-23.0729119122164,-14.816537600193,"Washington",36.8382807602907,60.1744510326154,2.98726820709391,1.8,98.2,0
"2020-07-26 00:42:08","West Virginia",18.7350164077604,27.3803640959177,36.0859044031722,"West Virginia",62.7110750829998,35.557309750718,1.73161516628219,99.5,0.5,0
"2020-07-26 00:42:08","Wisconsin",-16.5042900712361,-8.04236225716922,0.370433553120776,"Wisconsin",44.5105675076218,52.2142010183914,3.27523147398677,21,79,0
"2020-07-26 00:42:08","Wyoming",34.1634231178122,41.4718486660873,48.9253295810524,"Wyoming",69.1251873376371,28.14008779614,2.73472486622294,100,0,0
"2020-07-26 00:44:43","Alabama",10.4204558786509,16.7067539157071,23.0178688118342,"Alabama",57.3901926985109,40.6446302283639,1.96517707312526,97.645,2.355,0
"2020-07-26 00:44:43","Alaska",1.73011347641249,9.97016483183339,18.2108641636425,"Alaska",52.885065641542,42.9258950597032,4.1890392987549,84.16,15.84,0
"2020-07-26 00:44:43","Arizona",-5.99603648778035,2.34127609137485,10.5979772983734,"Arizona",49.6167204987362,47.2375326717914,3.14574682947243,59.56,40.44,0
"2020-07-26 00:44:43","Arkansas",13.6876652205071,21.6732701511047,29.7971464597594,"Arkansas",59.8379331806575,38.1289383311283,2.03312848821416,97.715,2.285,0
"2020-07-26 00:44:43","California",-37.5272359734595,-30.7694878374457,-23.9129759779664,"California",33.1547410753483,63.9155120552054,2.92974686944634,0.3,99.7,0
"2020-07-26 00:44:43","Colorado",-23.2013112842827,-14.6090952400057,-6.04459283210845,"Colorado",41.3520052923079,55.8600987782369,2.78789592945514,8.405,91.595,0
"2020-07-26 00:44:43","Connecticut",-29.1124235515133,-20.4414827309339,-11.7891920379204,"Connecticut",38.7072049086274,59.1528395083015,2.13995558307105,3.4,96.6,0
"2020-07-26 00:44:43","Delaware",-30.678746359698,-23.4863583513231,-16.410423248879,"Delaware",37.3793356180834,60.8263730554373,1.79429132647925,0.95,99.05,0
"2020-07-26 00:44:43","District of Columbia",-90.5755920778532,-86.2968176209819,-81.924156358368,"District of Columbia",5.83695161790651,92.0518183303754,2.11123005171807,0,100,0
"2020-07-26 00:44:43","Florida",-13.2997269502453,-5.15846836621573,3.01592885394176,"Florida",45.887372801711,51.0197849580113,3.09284224027767,29.77,70.23,0
"2020-07-26 00:44:43","Georgia",-6.25792215439305,0.25679999209234,6.716811234107,"Georgia",48.910533953279,48.6045850007146,2.48488104600647,51.39,48.61,0
"2020-07-26 00:44:43","Hawaii",-51.29014173755,-43.9915263760487,-36.5952795314056,"Hawaii",26.8581399471478,70.7906279687858,2.35123208406638,0.08,99.92,0
"2020-07-26 00:44:43","Idaho",20.7573923144503,29.4488338447027,38.2035877137747,"Idaho",63.3687010573173,33.8685350715972,2.76276387108554,99.145,0.855,0
"2020-07-26 00:44:43","Illinois",-29.7280632863649,-22.0043295591853,-14.2423679981756,"Illinois",38.1339100486629,60.0380331296702,1.82805682166693,1.87,98.13,0
"2020-07-26 00:44:43","Indiana",4.56600764856764,12.3717854627309,20.2764501475344,"Indiana",55.2827009470755,42.9235312585922,1.79376779433227,90.06,9.94,0
"2020-07-26 00:44:43","Iowa",-9.7475144034029,-0.828007319324855,8.06175868801048,"Iowa",48.1327061157162,48.7552179931724,3.11207589111142,46.76,53.24,0
"2020-07-26 00:44:43","Kansas",2.66303954751775,10.7892121346877,18.910580063768,"Kansas",54.0067124524709,43.1342592727697,2.85902827475945,86.545,13.455,0
"2020-07-26 00:44:43","Kentucky",8.69359984762123,16.5688679296169,24.4715005928654,"Kentucky",57.1605865889581,40.587620316859,2.25179309418291,95.04,4.96,0
"2020-07-26 00:44:43","Louisiana",9.11546719732072,16.1402313932984,23.2707430868952,"Louisiana",57.2362441958715,41.0752256575791,1.6885301465494,96.025,3.975,0
"2020-07-26 00:44:43","Maine",-21.3312213694917,-12.1338405011167,-3.11404723883751,"Maine",42.5652792188854,54.6878909351916,2.74682984592303,13.595,86.405,0
"2020-07-26 00:44:43","Maine-01",-33.1828018863138,-23.4999214685332,-13.7313100095035,"Maine-01",37.0676062544827,60.5490532984921,2.38334044702518,3.185,96.815,0
"2020-07-26 00:44:43","Maine-02",-9.18711894626106,-0.610926609327712,8.04598101818695,"Maine-02",48.4193896028684,48.9959132729622,2.58469712416941,47.725,52.275,0
"2020-07-26 00:44:43","Maryland",-37.9677813344951,-31.3094323894869,-24.6502867837016,"Maryland",33.4734711928763,64.6740112106446,1.85251759647912,0.19,99.81,0
"2020-07-26 00:44:43","Massachusetts",-43.1111090259791,-34.078995003001,-24.8565608995248,"Massachusetts",31.6531756329105,65.641360635166,2.70546373192351,0.615,99.385,0
"2020-07-26 00:44:43","Michigan",-17.4834206681019,-9.48065578352173,-1.5094136944916,"Michigan",43.6114613212846,53.0008385457345,3.38770013298083,16.28,83.72,0
"2020-07-26 00:44:43","Minnesota",-17.5744929976839,-9.60388009649765,-1.64204127675087,"Minnesota",44.0413447867089,53.4624759250698,2.49617928822133,15.65,84.35,0
"2020-07-26 00:44:43","Mississippi",5.47144311711053,11.3673609073783,17.2586383624174,"Mississippi",54.9413190684099,43.5663321543528,1.49234877723732,93.565,6.435,0
"2020-07-26 00:44:43","Missouri",0.74032790915544,8.63047557830486,16.6239187558876,"Missouri",53.2332635811653,44.5892203297406,2.17751608909411,82.07,17.93,0
"2020-07-26 00:44:43","Montana",4.01480835966874,12.1802311222686,20.2768140662027,"Montana",54.6557357992187,42.4372418366965,2.90702236408484,88.82,11.18,0
"2020-07-26 00:44:43","Nebraska",11.7085410032654,19.6166302148774,27.7112505165634,"Nebraska",58.7575114785934,39.0289423410477,2.21354618035898,96.795,3.205,0
"2020-07-26 00:44:43","Nebraska-01",8.41879726913833,15.9747416625427,23.6458493175851,"Nebraska-01",56.8915331262628,40.8695480390408,2.23891883469639,95.165,4.835,0
"2020-07-26 00:44:43","Nebraska-02",-8.71033111764577,-0.364988594072581,8.0919841190001,"Nebraska-02",48.7799954904288,49.0897269205618,2.13027758900939,48.46,51.54,0
"2020-07-26 00:44:43","Nebraska-03",39.2869733033841,47.4724567157087,55.669091190605,"Nebraska-03",72.6918869877109,25.1663437887328,2.14176922355632,99.97,0.03,0
"2020-07-26 00:44:43","Nevada",-16.4256111823195,-8.22006002028785,0.0280821367130821,"Nevada",43.9792150946098,52.1440300163081,3.87675488908212,20.045,79.955,0
"2020-07-26 00:44:43","New Hampshire",-17.4572414030539,-7.45505031039592,2.49412764882898,"New Hampshire",44.7354397881273,52.2568263785632,3.00773383330944,26.515,73.485,0
"2020-07-26 00:44:43","New Jersey",-29.8677843291864,-21.7819787682299,-13.5985234933593,"New Jersey",37.4940589544259,59.1385706388154,3.36737040675866,2.185,97.815,0
"2020-07-26 00:44:43","New Mexico",-23.9944326746221,-16.4474745047873,-9.08381463723267,"New Mexico",40.6266820635725,56.9722363892008,2.40108154722668,4.815,95.185,0
"2020-07-26 00:44:43","New York",-33.5977431088479,-26.0660455292673,-18.5642572968148,"New York",35.385581048235,61.3074607195413,3.30695823222373,0.815,99.185,0
"2020-07-26 00:44:43","North Carolina",-10.3589638313,-3.04107953456465,4.35515792800323,"North Carolina",47.1190787433326,50.0539605128818,2.82696074378564,36.195,63.805,0
"2020-07-26 00:44:43","North Dakota",18.9619996635154,27.7709285874519,36.5624532954306,"North Dakota",62.5846093318274,34.7845730076348,2.63081766053781,98.915,1.085,0
"2020-07-26 00:44:43","Ohio",-9.93233368225185,-1.96038690796778,5.97184818101887,"Ohio",47.7963628953292,49.6996008663176,2.50403623835322,41.285,58.715,0
"2020-07-26 00:44:43","Oklahoma",21.575491407274,28.9482450468284,36.3204671590654,"Oklahoma",63.7582408757276,34.7493087869867,1.49245033728571,99.545,0.455,0
"2020-07-26 00:44:43","Oregon",-21.4880064738622,-13.1377886505189,-4.66430648111573,"Oregon",41.5428926502703,54.6435988850059,3.81350846472383,10.36,89.64,0
"2020-07-26 00:44:43","Pennsylvania",-15.0122490330024,-7.36650494899459,0.242701937545224,"Pennsylvania",44.8209670120422,52.0990973769929,3.07993561096489,20.73,79.27,0
"2020-07-26 00:44:43","Rhode Island",-37.6878128143019,-27.7801342337224,-18.0225798970973,"Rhode Island",34.8960650180784,62.7487520974185,2.35518288450315,1.87,98.13,0
"2020-07-26 00:44:43","South Carolina",0.972192703774378,7.83870066206019,14.6491312717482,"South Carolina",52.6468815354426,44.7258162028473,2.62730226171008,83.05,16.95,0
"2020-07-26 00:44:43","South Dakota",15.5820014165016,23.6474289891554,31.6910095342759,"South Dakota",60.8262851574503,37.1027341491191,2.07098069343057,98.405,1.595,0
"2020-07-26 00:44:43","Tennessee",6.37071829436707,14.2268227813525,22.0399888036304,"Tennessee",55.7894595533522,41.5744282113814,2.63611223526645,92.935,7.065,0
"2020-07-26 00:44:43","Texas",-3.54865398707958,3.88607855911787,11.3535948374623,"Texas",50.6203369418953,46.7513778553003,2.62828520280438,67.305,32.695,0
"2020-07-26 00:44:43","Utah",5.16683719369205,13.1710357110389,21.1638738774535,"Utah",54.1097322597924,40.8966576136519,4.99361012655578,90.685,9.315,0
"2020-07-26 00:44:43","Vermont",-45.179193567402,-35.5490329905683,-25.838542548101,"Vermont",30.7143818290533,66.3136904174537,2.97192775349299,0.545,99.455,0
"2020-07-26 00:44:43","Virginia",-17.3785929746668,-10.0936466124175,-2.78058812440842,"Virginia",43.3278863771493,53.3312723969864,3.34084122586434,12.655,87.345,0
"2020-07-26 00:44:43","Washington",-31.8171300773166,-23.4139534167245,-14.9613290817141,"Washington",36.8382807602907,60.1744510326154,2.98726820709391,1.955,98.045,0
"2020-07-26 00:44:43","West Virginia",18.4490404584277,27.0112017923878,35.8027374583203,"West Virginia",62.7110750829998,35.557309750718,1.73161516628219,98.675,1.325,0
"2020-07-26 00:44:43","Wisconsin",-16.2115128993856,-8.00034084699963,0.330354643154349,"Wisconsin",44.5105675076218,52.2142010183914,3.27523147398677,20.985,79.015,0
"2020-07-26 00:44:43","Wyoming",33.5076337501639,40.9486559347201,48.2801668786457,"Wyoming",69.1251873376371,28.14008779614,2.73472486622294,99.925,0.075,0
"2020-07-26 00:50:13","Alabama",10.4204558786509,16.7067539157071,23.0178688118342,"Alabama",57.3901926985109,40.6446302283639,1.96517707312526,97.645,2.355,0
"2020-07-26 00:50:13","Alaska",1.73011347641249,9.97016483183339,18.2108641636425,"Alaska",52.885065641542,42.9258950597032,4.1890392987549,84.16,15.84,0
"2020-07-26 00:50:13","Arizona",-5.99603648778035,2.34127609137485,10.5979772983734,"Arizona",49.6167204987362,47.2375326717914,3.14574682947243,59.56,40.44,0
"2020-07-26 00:50:13","Arkansas",13.6876652205071,21.6732701511047,29.7971464597594,"Arkansas",59.8379331806575,38.1289383311283,2.03312848821416,97.715,2.285,0
"2020-07-26 00:50:13","California",-37.5272359734595,-30.7694878374457,-23.9129759779664,"California",33.1547410753483,63.9155120552054,2.92974686944634,0.3,99.7,0
"2020-07-26 00:50:13","Colorado",-23.2013112842827,-14.6090952400057,-6.04459283210845,"Colorado",41.3520052923079,55.8600987782369,2.78789592945514,8.405,91.595,0
"2020-07-26 00:50:13","Connecticut",-29.1124235515133,-20.4414827309339,-11.7891920379204,"Connecticut",38.7072049086274,59.1528395083015,2.13995558307105,3.4,96.6,0
"2020-07-26 00:50:13","Delaware",-30.678746359698,-23.4863583513231,-16.410423248879,"Delaware",37.3793356180834,60.8263730554373,1.79429132647925,0.95,99.05,0
"2020-07-26 00:50:13","District of Columbia",-90.5755920778532,-86.2968176209819,-81.924156358368,"District of Columbia",5.83695161790651,92.0518183303754,2.11123005171807,0,100,0
"2020-07-26 00:50:13","Florida",-13.2997269502453,-5.15846836621573,3.01592885394176,"Florida",45.887372801711,51.0197849580113,3.09284224027767,29.77,70.23,0
"2020-07-26 00:50:13","Georgia",-6.25792215439305,0.25679999209234,6.716811234107,"Georgia",48.910533953279,48.6045850007146,2.48488104600647,51.39,48.61,0
"2020-07-26 00:50:13","Hawaii",-51.29014173755,-43.9915263760487,-36.5952795314056,"Hawaii",26.8581399471478,70.7906279687858,2.35123208406638,0.08,99.92,0
"2020-07-26 00:50:13","Idaho",20.7573923144503,29.4488338447027,38.2035877137747,"Idaho",63.3687010573173,33.8685350715972,2.76276387108554,99.145,0.855,0
"2020-07-26 00:50:13","Illinois",-29.7280632863649,-22.0043295591853,-14.2423679981756,"Illinois",38.1339100486629,60.0380331296702,1.82805682166693,1.87,98.13,0
"2020-07-26 00:50:13","Indiana",4.56600764856764,12.3717854627309,20.2764501475344,"Indiana",55.2827009470755,42.9235312585922,1.79376779433227,90.06,9.94,0
"2020-07-26 00:50:13","Iowa",-9.7475144034029,-0.828007319324855,8.06175868801048,"Iowa",48.1327061157162,48.7552179931724,3.11207589111142,46.76,53.24,0
"2020-07-26 00:50:13","Kansas",2.66303954751775,10.7892121346877,18.910580063768,"Kansas",54.0067124524709,43.1342592727697,2.85902827475945,86.545,13.455,0
"2020-07-26 00:50:13","Kentucky",8.69359984762123,16.5688679296169,24.4715005928654,"Kentucky",57.1605865889581,40.587620316859,2.25179309418291,95.04,4.96,0
"2020-07-26 00:50:13","Louisiana",9.11546719732072,16.1402313932984,23.2707430868952,"Louisiana",57.2362441958715,41.0752256575791,1.6885301465494,96.025,3.975,0
"2020-07-26 00:50:13","Maine",-21.3312213694917,-12.1338405011167,-3.11404723883751,"Maine",42.5652792188854,54.6878909351916,2.74682984592303,13.595,86.405,0
"2020-07-26 00:50:13","Maine-01",-33.1828018863138,-23.4999214685332,-13.7313100095035,"Maine-01",37.0676062544827,60.5490532984921,2.38334044702518,3.185,96.815,0
"2020-07-26 00:50:13","Maine-02",-9.18711894626106,-0.610926609327712,8.04598101818695,"Maine-02",48.4193896028684,48.9959132729622,2.58469712416941,47.725,52.275,0
"2020-07-26 00:50:13","Maryland",-37.9677813344951,-31.3094323894869,-24.6502867837016,"Maryland",33.4734711928763,64.6740112106446,1.85251759647912,0.19,99.81,0
"2020-07-26 00:50:13","Massachusetts",-43.1111090259791,-34.078995003001,-24.8565608995248,"Massachusetts",31.6531756329105,65.641360635166,2.70546373192351,0.615,99.385,0
"2020-07-26 00:50:13","Michigan",-17.4834206681019,-9.48065578352173,-1.5094136944916,"Michigan",43.6114613212846,53.0008385457345,3.38770013298083,16.28,83.72,0
"2020-07-26 00:50:13","Minnesota",-17.5744929976839,-9.60388009649765,-1.64204127675087,"Minnesota",44.0413447867089,53.4624759250698,2.49617928822133,15.65,84.35,0
"2020-07-26 00:50:13","Mississippi",5.47144311711053,11.3673609073783,17.2586383624174,"Mississippi",54.9413190684099,43.5663321543528,1.49234877723732,93.565,6.435,0
"2020-07-26 00:50:13","Missouri",0.74032790915544,8.63047557830486,16.6239187558876,"Missouri",53.2332635811653,44.5892203297406,2.17751608909411,82.07,17.93,0
"2020-07-26 00:50:13","Montana",4.01480835966874,12.1802311222686,20.2768140662027,"Montana",54.6557357992187,42.4372418366965,2.90702236408484,88.82,11.18,0
"2020-07-26 00:50:13","Nebraska",11.7085410032654,19.6166302148774,27.7112505165634,"Nebraska",58.7575114785934,39.0289423410477,2.21354618035898,96.795,3.205,0
"2020-07-26 00:50:13","Nebraska-01",8.41879726913833,15.9747416625427,23.6458493175851,"Nebraska-01",56.8915331262628,40.8695480390408,2.23891883469639,95.165,4.835,0
"2020-07-26 00:50:13","Nebraska-02",-8.71033111764577,-0.364988594072581,8.0919841190001,"Nebraska-02",48.7799954904288,49.0897269205618,2.13027758900939,48.46,51.54,0
"2020-07-26 00:50:13","Nebraska-03",39.2869733033841,47.4724567157087,55.669091190605,"Nebraska-03",72.6918869877109,25.1663437887328,2.14176922355632,99.97,0.03,0
"2020-07-26 00:50:13","Nevada",-16.4256111823195,-8.22006002028785,0.0280821367130821,"Nevada",43.9792150946098,52.1440300163081,3.87675488908212,20.045,79.955,0
"2020-07-26 00:50:13","New Hampshire",-17.4572414030539,-7.45505031039592,2.49412764882898,"New Hampshire",44.7354397881273,52.2568263785632,3.00773383330944,26.515,73.485,0
"2020-07-26 00:50:13","New Jersey",-29.8677843291864,-21.7819787682299,-13.5985234933593,"New Jersey",37.4940589544259,59.1385706388154,3.36737040675866,2.185,97.815,0
"2020-07-26 00:50:13","New Mexico",-23.9944326746221,-16.4474745047873,-9.08381463723267,"New Mexico",40.6266820635725,56.9722363892008,2.40108154722668,4.815,95.185,0
"2020-07-26 00:50:13","New York",-33.5977431088479,-26.0660455292673,-18.5642572968148,"New York",35.385581048235,61.3074607195413,3.30695823222373,0.815,99.185,0
"2020-07-26 00:50:13","North Carolina",-10.3589638313,-3.04107953456465,4.35515792800323,"North Carolina",47.1190787433326,50.0539605128818,2.82696074378564,36.195,63.805,0
"2020-07-26 00:50:13","North Dakota",18.9619996635154,27.7709285874519,36.5624532954306,"North Dakota",62.5846093318274,34.7845730076348,2.63081766053781,98.915,1.085,0
"2020-07-26 00:50:13","Ohio",-9.93233368225185,-1.96038690796778,5.97184818101887,"Ohio",47.7963628953292,49.6996008663176,2.50403623835322,41.285,58.715,0
"2020-07-26 00:50:13","Oklahoma",21.575491407274,28.9482450468284,36.3204671590654,"Oklahoma",63.7582408757276,34.7493087869867,1.49245033728571,99.545,0.455,0
"2020-07-26 00:50:13","Oregon",-21.4880064738622,-13.1377886505189,-4.66430648111573,"Oregon",41.5428926502703,54.6435988850059,3.81350846472383,10.36,89.64,0
"2020-07-26 00:50:13","Pennsylvania",-15.0122490330024,-7.36650494899459,0.242701937545224,"Pennsylvania",44.8209670120422,52.0990973769929,3.07993561096489,20.73,79.27,0
"2020-07-26 00:50:13","Rhode Island",-37.6878128143019,-27.7801342337224,-18.0225798970973,"Rhode Island",34.8960650180784,62.7487520974185,2.35518288450315,1.87,98.13,0
"2020-07-26 00:50:13","South Carolina",0.972192703774378,7.83870066206019,14.6491312717482,"South Carolina",52.6468815354426,44.7258162028473,2.62730226171008,83.05,16.95,0
"2020-07-26 00:50:13","South Dakota",15.5820014165016,23.6474289891554,31.6910095342759,"South Dakota",60.8262851574503,37.1027341491191,2.07098069343057,98.405,1.595,0
"2020-07-26 00:50:13","Tennessee",6.37071829436707,14.2268227813525,22.0399888036304,"Tennessee",55.7894595533522,41.5744282113814,2.63611223526645,92.935,7.065,0
"2020-07-26 00:50:13","Texas",-3.54865398707958,3.88607855911787,11.3535948374623,"Texas",50.6203369418953,46.7513778553003,2.62828520280438,67.305,32.695,0
"2020-07-26 00:50:13","Utah",5.16683719369205,13.1710357110389,21.1638738774535,"Utah",54.1097322597924,40.8966576136519,4.99361012655578,90.685,9.315,0
"2020-07-26 00:50:13","Vermont",-45.179193567402,-35.5490329905683,-25.838542548101,"Vermont",30.7143818290533,66.3136904174537,2.97192775349299,0.545,99.455,0
"2020-07-26 00:50:13","Virginia",-17.3785929746668,-10.0936466124175,-2.78058812440842,"Virginia",43.3278863771493,53.3312723969864,3.34084122586434,12.655,87.345,0
"2020-07-26 00:50:13","Washington",-31.8171300773166,-23.4139534167245,-14.9613290817141,"Washington",36.8382807602907,60.1744510326154,2.98726820709391,1.955,98.045,0
"2020-07-26 00:50:13","West Virginia",18.4490404584277,27.0112017923878,35.8027374583203,"West Virginia",62.7110750829998,35.557309750718,1.73161516628219,98.675,1.325,0
"2020-07-26 00:50:13","Wisconsin",-16.2115128993856,-8.00034084699963,0.330354643154349,"Wisconsin",44.5105675076218,52.2142010183914,3.27523147398677,20.985,79.015,0
"2020-07-26 00:50:13","Wyoming",33.5076337501639,40.9486559347201,48.2801668786457,"Wyoming",69.1251873376371,28.14008779614,2.73472486622294,99.925,0.075,0
"2020-07-26 00:56:42","Alabama",10.5208014648755,16.6250076526491,22.9813041349602,"Alabama",57.3901926985109,40.6446302283639,1.96517707312526,97.7,2.3,0
"2020-07-26 00:56:42","Alaska",2.29032632544991,10.1710034454129,18.5596388888923,"Alaska",52.885065641542,42.9258950597032,4.1890392987549,85.3,14.7,0
"2020-07-26 00:56:42","Arizona",-5.54788181982191,2.80482136964662,11.0937613784392,"Arizona",49.6167204987362,47.2375326717914,3.14574682947243,61,39,0
"2020-07-26 00:56:42","Arkansas",13.8728302445065,21.9587395294737,30.2377820398211,"Arkansas",59.8379331806575,38.1289383311283,2.03312848821416,98,2,0
"2020-07-26 00:56:42","California",-37.376396848495,-30.9057043680743,-24.137212419435,"California",33.1547410753483,63.9155120552054,2.92974686944634,0.4,99.6,0
"2020-07-26 00:56:42","Colorado",-22.5309749354174,-13.9930303260978,-5.94282871753283,"Colorado",41.3520052923079,55.8600987782369,2.78789592945514,9,91,0
"2020-07-26 00:56:42","Connecticut",-28.4856438674267,-20.3612734349314,-11.866715786591,"Connecticut",38.7072049086274,59.1528395083015,2.13995558307105,4.2,95.8,0
"2020-07-26 00:56:42","Delaware",-30.3855320611085,-23.278989586901,-16.3897846500888,"Delaware",37.3793356180834,60.8263730554373,1.79429132647925,1,99,0
"2020-07-26 00:56:42","District of Columbia",-90.6619654238026,-86.2607645018496,-81.8807209166261,"District of Columbia",5.83695161790651,92.0518183303754,2.11123005171807,0,100,0
"2020-07-26 00:56:42","Florida",-13.3699473894329,-5.16249739265332,2.9811434010577,"Florida",45.887372801711,51.0197849580113,3.09284224027767,29.1,70.9,0
"2020-07-26 00:56:42","Georgia",-5.90784182370017,0.356920783286566,6.6554336237903,"Georgia",48.910533953279,48.6045850007146,2.48488104600647,51.9,48.1,0
"2020-07-26 00:56:42","Hawaii",-51.022970219851,-43.8631410900373,-36.2497094824182,"Hawaii",26.8581399471478,70.7906279687858,2.35123208406638,0,100,0
"2020-07-26 00:56:42","Idaho",21.1675038390313,29.518943219587,38.2777267490222,"Idaho",63.3687010573173,33.8685350715972,2.76276387108554,99.1,0.9,0
"2020-07-26 00:56:42","Illinois",-30.4368608766697,-22.3995098970748,-14.7419258046059,"Illinois",38.1339100486629,60.0380331296702,1.82805682166693,1.1,98.9,0
"2020-07-26 00:56:42","Indiana",4.02751866090321,12.3025578551196,20.7824170170337,"Indiana",55.2827009470755,42.9235312585922,1.79376779433227,89.6,10.4,0
"2020-07-26 00:56:42","Iowa",-9.97495558050118,-1.08540874899004,7.37770750788528,"Iowa",48.1327061157162,48.7552179931724,3.11207589111142,45.9,54.1,0
"2020-07-26 00:56:42","Kansas",2.58689260036648,11.2510850535445,19.6557555556825,"Kansas",54.0067124524709,43.1342592727697,2.85902827475945,85.4,14.6,0
"2020-07-26 00:56:42","Kentucky",9.53222996089444,17.3156445320414,25.1929721470412,"Kentucky",57.1605865889581,40.587620316859,2.25179309418291,96,4,0
"2020-07-26 00:56:42","Louisiana",9.22659677704161,16.0845213609643,23.3521174974422,"Louisiana",57.2362441958715,41.0752256575791,1.6885301465494,96.5,3.5,0
"2020-07-26 00:56:42","Maine",-20.9820948912892,-12.0131286238547,-3.29183139703163,"Maine",42.5652792188854,54.6878909351916,2.74682984592303,13.2,86.8,0
"2020-07-26 00:56:42","Maine-01",-33.328141490717,-23.3228981963485,-13.4053927449103,"Maine-01",37.0676062544827,60.5490532984921,2.38334044702518,2.9,97.1,0
"2020-07-26 00:56:42","Maine-02",-9.03995916003829,-0.196607136196396,8.23211661901134,"Maine-02",48.4193896028684,48.9959132729622,2.58469712416941,51,49,0
"2020-07-26 00:56:42","Maryland",-37.8842163523066,-31.2609321974652,-24.5498685338348,"Maryland",33.4734711928763,64.6740112106446,1.85251759647912,0.3,99.7,0
"2020-07-26 00:56:42","Massachusetts",-42.6391629308364,-33.8509124950597,-25.1667541582385,"Massachusetts",31.6531756329105,65.641360635166,2.70546373192351,0.7,99.3,0
"2020-07-26 00:56:42","Michigan",-17.8246474209001,-9.64607915685412,-1.55862513519462,"Michigan",43.6114613212846,53.0008385457345,3.38770013298083,16.1,83.9,0
"2020-07-26 00:56:42","Minnesota",-17.6771234514354,-9.72506619415582,-2.3559020859555,"Minnesota",44.0413447867089,53.4624759250698,2.49617928822133,14,86,0
"2020-07-26 00:56:42","Mississippi",5.60633174425556,11.475722315914,17.5948211984475,"Mississippi",54.9413190684099,43.5663321543528,1.49234877723732,94.5,5.5,0
"2020-07-26 00:56:42","Missouri",1.11135397230782,9.13509365850688,16.983020062578,"Missouri",53.2332635811653,44.5892203297406,2.17751608909411,82.5,17.5,0
"2020-07-26 00:56:42","Montana",4.54165050563422,12.4327239131704,20.4520695982728,"Montana",54.6557357992187,42.4372418366965,2.90702236408484,89.8,10.2,0
"2020-07-26 00:56:42","Nebraska",11.7184263837241,20.5026267469772,28.8848249461259,"Nebraska",58.7575114785934,39.0289423410477,2.21354618035898,97.5,2.5,0
"2020-07-26 00:56:42","Nebraska-01",8.73411222644033,16.5892734435111,23.9884968510549,"Nebraska-01",56.8915331262628,40.8695480390408,2.23891883469639,96.1,3.9,0
"2020-07-26 00:56:42","Nebraska-02",-8.69654923902956,0.101397622574878,8.38796050063893,"Nebraska-02",48.7799954904288,49.0897269205618,2.13027758900939,49.2,50.8,0
"2020-07-26 00:56:42","Nebraska-03",39.3529640493434,48.307872224088,56.4665168775767,"Nebraska-03",72.6918869877109,25.1663437887328,2.14176922355632,100,0,0
"2020-07-26 00:56:42","Nevada",-16.0823660410603,-8.0856721591857,-0.115450159792647,"Nevada",43.9792150946098,52.1440300163081,3.87675488908212,19.5,80.5,0
"2020-07-26 00:56:42","New Hampshire",-17.722907066424,-7.67146433210079,2.31405715928793,"New Hampshire",44.7354397881273,52.2568263785632,3.00773383330944,26.4,73.6,0
"2020-07-26 00:56:42","New Jersey",-29.4716363806149,-21.6908924371955,-14.0957845198142,"New Jersey",37.4940589544259,59.1385706388154,3.36737040675866,2.5,97.5,0
"2020-07-26 00:56:42","New Mexico",-24.1046099578408,-16.1685277886008,-9.28406345210468,"New Mexico",40.6266820635725,56.9722363892008,2.40108154722668,5.6,94.4,0
"2020-07-26 00:56:42","New York",-33.3840033335744,-25.9684813614391,-18.6294112706545,"New York",35.385581048235,61.3074607195413,3.30695823222373,0.8,99.2,0
"2020-07-26 00:56:42","North Carolina",-10.1629748871331,-3.04734117680542,4.21126407056038,"North Carolina",47.1190787433326,50.0539605128818,2.82696074378564,37,63,0
"2020-07-26 00:56:42","North Dakota",18.6586982948357,28.06210429934,36.5452362175518,"North Dakota",62.5846093318274,34.7845730076348,2.63081766053781,99.1,0.9,0
"2020-07-26 00:56:42","Ohio",-10.3880846695543,-2.27256835815088,5.61898249407493,"Ohio",47.7963628953292,49.6996008663176,2.50403623835322,40.2,59.8,0
"2020-07-26 00:56:42","Oklahoma",22.3044287457046,29.3015148424924,36.4563789232818,"Oklahoma",63.7582408757276,34.7493087869867,1.49245033728571,99.7,0.3,0
"2020-07-26 00:56:42","Oregon",-20.9096485321333,-12.7826789581705,-4.31851239815524,"Oregon",41.5428926502703,54.6435988850059,3.81350846472383,11.5,88.5,0
"2020-07-26 00:56:42","Pennsylvania",-15.6350948590354,-7.33609528293404,0.313281373725708,"Pennsylvania",44.8209670120422,52.0990973769929,3.07993561096489,21.1,78.9,0
"2020-07-26 00:56:42","Rhode Island",-36.8347193410509,-27.4160646876196,-17.7712906601388,"Rhode Island",34.8960650180784,62.7487520974185,2.35518288450315,1.2,98.8,0
"2020-07-26 00:56:42","South Carolina",1.45906958170041,7.78112800647196,14.5681300230913,"South Carolina",52.6468815354426,44.7258162028473,2.62730226171008,84.1,15.9,0
"2020-07-26 00:56:42","South Dakota",15.8979509789215,24.0044846683206,32.6505969173109,"South Dakota",60.8262851574503,37.1027341491191,2.07098069343057,98.9,1.1,0
"2020-07-26 00:56:42","Tennessee",7.2065113420605,14.3732172556213,21.8080368355989,"Tennessee",55.7894595533522,41.5744282113814,2.63611223526645,93.8,6.2,0
"2020-07-26 00:56:42","Texas",-2.85927505089463,4.14985585359279,11.4115480232712,"Texas",50.6203369418953,46.7513778553003,2.62828520280438,70.1,29.9,0
"2020-07-26 00:56:42","Utah",5.47350644202913,13.0971317723058,21.0030220781213,"Utah",54.1097322597924,40.8966576136519,4.99361012655578,91.1,8.9,0
"2020-07-26 00:56:42","Vermont",-44.8902223650602,-35.5775079679874,-26.3655375637255,"Vermont",30.7143818290533,66.3136904174537,2.97192775349299,0.4,99.6,0
"2020-07-26 00:56:42","Virginia",-17.3813493778737,-10.175671099723,-2.43679172376962,"Virginia",43.3278863771493,53.3312723969864,3.34084122586434,13,87,0
"2020-07-26 00:56:42","Washington",-31.4520822153024,-23.2253504801314,-14.8564213296202,"Washington",36.8382807602907,60.1744510326154,2.98726820709391,1.6,98.4,0
"2020-07-26 00:56:42","West Virginia",19.0499317609402,27.3413572024443,35.1482107431515,"West Virginia",62.7110750829998,35.557309750718,1.73161516628219,98.9,1.1,0
"2020-07-26 00:56:42","Wisconsin",-16.3413668385987,-8.08355597237999,0.588385908680633,"Wisconsin",44.5105675076218,52.2142010183914,3.27523147398677,21.8,78.2,0
"2020-07-26 00:56:42","Wyoming",33.9579038909032,41.3374529054365,48.9068039216127,"Wyoming",69.1251873376371,28.14008779614,2.73472486622294,99.9,0.1,0
"2020-07-26 01:00:03","Alabama",10.2970240384977,16.5440421138597,22.7739902518681,"Alabama",57.3901926985109,40.6446302283639,1.96517707312526,98.3,1.7,0
"2020-07-26 01:00:03","Alaska",1.06653793922346,9.80151943253172,18.4738170010598,"Alaska",52.885065641542,42.9258950597032,4.1890392987549,82,18,0
"2020-07-26 01:00:03","Arizona",-5.44867246724412,2.7209740229907,10.9628361095169,"Arizona",49.6167204987362,47.2375326717914,3.14574682947243,62.3,37.7,0
"2020-07-26 01:00:03","Arkansas",13.2509699907372,21.4135333608036,29.7422226971462,"Arkansas",59.8379331806575,38.1289383311283,2.03312848821416,97.3,2.7,0
"2020-07-26 01:00:03","California",-37.4672901158575,-30.6239036755909,-24.1027454716718,"California",33.1547410753483,63.9155120552054,2.92974686944634,0.5,99.5,0
"2020-07-26 01:00:03","Colorado",-22.5501012054945,-14.3863670840295,-5.75561877969006,"Colorado",41.3520052923079,55.8600987782369,2.78789592945514,7.9,92.1,0
"2020-07-26 01:00:03","Connecticut",-29.6076687585872,-20.5623965016527,-11.5880997982799,"Connecticut",38.7072049086274,59.1528395083015,2.13995558307105,3.3,96.7,0
"2020-07-26 01:00:03","Delaware",-30.8142228800631,-23.577779604595,-16.6008145868368,"Delaware",37.3793356180834,60.8263730554373,1.79429132647925,1.2,98.8,0
"2020-07-26 01:00:03","District of Columbia",-91.0004746117644,-86.3766470929685,-81.7196076462849,"District of Columbia",5.83695161790651,92.0518183303754,2.11123005171807,0,100,0
"2020-07-26 01:00:03","Florida",-13.2602797816092,-5.17254074765638,3.05279957563471,"Florida",45.887372801711,51.0197849580113,3.09284224027767,29,71,0
"2020-07-26 01:00:03","Georgia",-6.37343845443156,0.106597070169652,6.51750905390436,"Georgia",48.910533953279,48.6045850007146,2.48488104600647,51.3,48.7,0
"2020-07-26 01:00:03","Hawaii",-51.4610302017622,-44.0902207618796,-36.4357539685401,"Hawaii",26.8581399471478,70.7906279687858,2.35123208406638,0.2,99.8,0
"2020-07-26 01:00:03","Idaho",20.6062945441295,29.4613060228764,38.2852848942781,"Idaho",63.3687010573173,33.8685350715972,2.76276387108554,99.4,0.6,0
"2020-07-26 01:00:03","Illinois",-30.2937801674642,-22.3017866100564,-14.2985520212428,"Illinois",38.1339100486629,60.0380331296702,1.82805682166693,2.5,97.5,0
"2020-07-26 01:00:03","Indiana",4.38259494035843,12.4960777627464,21.0722536838414,"Indiana",55.2827009470755,42.9235312585922,1.79376779433227,89.2,10.8,0
"2020-07-26 01:00:03","Iowa",-10.3411358138526,-1.26191629597374,7.86769544370453,"Iowa",48.1327061157162,48.7552179931724,3.11207589111142,45.5,54.5,0
"2020-07-26 01:00:03","Kansas",2.67744889149532,10.4425905100188,18.4227474184068,"Kansas",54.0067124524709,43.1342592727697,2.85902827475945,86.5,13.5,0
"2020-07-26 01:00:03","Kentucky",8.95641776876577,16.4630526878268,24.5471816026597,"Kentucky",57.1605865889581,40.587620316859,2.25179309418291,94.4,5.6,0
"2020-07-26 01:00:03","Louisiana",9.57106375354013,16.0952682981382,23.0734827531655,"Louisiana",57.2362441958715,41.0752256575791,1.6885301465494,96.1,3.9,0
"2020-07-26 01:00:03","Maine",-20.821106356031,-12.0248820613738,-3.22129098189806,"Maine",42.5652792188854,54.6878909351916,2.74682984592303,12.3,87.7,0
"2020-07-26 01:00:03","Maine-01",-32.7734433439465,-22.9527186121104,-12.620392044104,"Maine-01",37.0676062544827,60.5490532984921,2.38334044702518,2.7,97.3,0
"2020-07-26 01:00:03","Maine-02",-9.9856558365919,-0.489243626211246,8.64437469069512,"Maine-02",48.4193896028684,48.9959132729622,2.58469712416941,49.5,50.5,0
"2020-07-26 01:00:03","Maryland",-38.4398140193114,-31.4304794737143,-24.5209805088775,"Maryland",33.4734711928763,64.6740112106446,1.85251759647912,0.4,99.6,0
"2020-07-26 01:00:03","Massachusetts",-43.6489002543878,-34.0700524458142,-25.0225866851443,"Massachusetts",31.6531756329105,65.641360635166,2.70546373192351,0.6,99.4,0
"2020-07-26 01:00:03","Michigan",-17.5499895819091,-9.41384434212304,-1.12925554287458,"Michigan",43.6114613212846,53.0008385457345,3.38770013298083,17.5,82.5,0
"2020-07-26 01:00:03","Minnesota",-18.3511259329237,-10.0359168890498,-1.68096061818738,"Minnesota",44.0413447867089,53.4624759250698,2.49617928822133,15.2,84.8,0
"2020-07-26 01:00:03","Mississippi",5.22574111117356,11.1194415088726,17.1316063435588,"Mississippi",54.9413190684099,43.5663321543528,1.49234877723732,94.1,5.9,0
"2020-07-26 01:00:03","Missouri",0.883459500925912,8.39487226165046,16.6209761108331,"Missouri",53.2332635811653,44.5892203297406,2.17751608909411,82.1,17.9,0
"2020-07-26 01:00:03","Montana",3.99981197070769,12.1779733549017,20.6025977277893,"Montana",54.6557357992187,42.4372418366965,2.90702236408484,88.3,11.7,0
"2020-07-26 01:00:03","Nebraska",12.0484884020948,19.7407483075384,27.3062890903323,"Nebraska",58.7575114785934,39.0289423410477,2.21354618035898,97,3,0
"2020-07-26 01:00:03","Nebraska-01",8.14907352856639,15.7778075733308,23.7018915775371,"Nebraska-01",56.8915331262628,40.8695480390408,2.23891883469639,94.5,5.5,0
"2020-07-26 01:00:03","Nebraska-02",-8.60440042727318,-0.607934560315533,7.8099852642542,"Nebraska-02",48.7799954904288,49.0897269205618,2.13027758900939,47.4,52.6,0
"2020-07-26 01:00:03","Nebraska-03",39.8604809471496,47.5691306540899,54.8313410040045,"Nebraska-03",72.6918869877109,25.1663437887328,2.14176922355632,100,0,0
"2020-07-26 01:00:03","Nevada",-16.1380431131158,-7.96137388987643,0.261876185679629,"Nevada",43.9792150946098,52.1440300163081,3.87675488908212,20.7,79.3,0
"2020-07-26 01:00:03","New Hampshire",-16.9548097907011,-6.99359892480766,3.20214893954793,"New Hampshire",44.7354397881273,52.2568263785632,3.00773383330944,28.3,71.7,0
"2020-07-26 01:00:03","New Jersey",-29.9036597618386,-22.0080984270856,-14.147297213413,"New Jersey",37.4940589544259,59.1385706388154,3.36737040675866,2.5,97.5,0
"2020-07-26 01:00:03","New Mexico",-24.0224528593863,-16.3211867224814,-8.96731627173436,"New Mexico",40.6266820635725,56.9722363892008,2.40108154722668,4.3,95.7,0
"2020-07-26 01:00:03","New York",-34.1525050786697,-26.1240673512931,-18.5655863072194,"New York",35.385581048235,61.3074607195413,3.30695823222373,1.5,98.5,0
"2020-07-26 01:00:03","North Carolina",-9.92416399427937,-2.82280435203862,4.50996801147578,"North Carolina",47.1190787433326,50.0539605128818,2.82696074378564,36.3,63.7,0
"2020-07-26 01:00:03","North Dakota",19.2621490332321,27.605138753404,36.1208691869572,"North Dakota",62.5846093318274,34.7845730076348,2.63081766053781,99.1,0.9,0
"2020-07-26 01:00:03","Ohio",-9.80560170877878,-2.1663511909006,5.98513213335258,"Ohio",47.7963628953292,49.6996008663176,2.50403623835322,41.1,58.9,0
"2020-07-26 01:00:03","Oklahoma",21.3237210134654,28.6652338685484,35.8831302511841,"Oklahoma",63.7582408757276,34.7493087869867,1.49245033728571,99.1,0.9,0
"2020-07-26 01:00:03","Oregon",-22.0870704547919,-13.2320605535318,-4.48496044582934,"Oregon",41.5428926502703,54.6435988850059,3.81350846472383,11.4,88.6,0
"2020-07-26 01:00:03","Pennsylvania",-15.2417229360566,-7.27801039580191,0.831184740379303,"Pennsylvania",44.8209670120422,52.0990973769929,3.07993561096489,22.8,77.2,0
"2020-07-26 01:00:03","Rhode Island",-37.652261798816,-27.6630674083253,-17.959077627349,"Rhode Island",34.8960650180784,62.7487520974185,2.35518288450315,1.6,98.4,0
"2020-07-26 01:00:03","South Carolina",1.2979296520802,7.915586916637,14.4974557207618,"South Carolina",52.6468815354426,44.7258162028473,2.62730226171008,84.3,15.7,0
"2020-07-26 01:00:03","South Dakota",15.4815482479579,23.2319939577192,31.1791432234438,"South Dakota",60.8262851574503,37.1027341491191,2.07098069343057,98.2,1.8,0
"2020-07-26 01:00:03","Tennessee",6.10122515712242,14.1946615469587,21.7813459136601,"Tennessee",55.7894595533522,41.5744282113814,2.63611223526645,92.5,7.5,0
"2020-07-26 01:00:03","Texas",-3.90656694859245,3.5911749779982,10.8108887642885,"Texas",50.6203369418953,46.7513778553003,2.62828520280438,66.6,33.4,0
"2020-07-26 01:00:03","Utah",5.18056973338144,13.1277868323919,21.2552266023862,"Utah",54.1097322597924,40.8966576136519,4.99361012655578,89.9,10.1,0
"2020-07-26 01:00:03","Vermont",-45.440324941054,-35.7011551018727,-25.7347856106651,"Vermont",30.7143818290533,66.3136904174537,2.97192775349299,0.8,99.2,0
"2020-07-26 01:00:03","Virginia",-17.4931159292822,-10.0350553599369,-3.0091119152171,"Virginia",43.3278863771493,53.3312723969864,3.34084122586434,13.1,86.9,0
"2020-07-26 01:00:03","Washington",-32.3313966395435,-23.2774519609546,-14.5982638747462,"Washington",36.8382807602907,60.1744510326154,2.98726820709391,2.6,97.4,0
"2020-07-26 01:00:03","West Virginia",18.3024879879846,26.9714909149223,36.1221829369103,"West Virginia",62.7110750829998,35.557309750718,1.73161516628219,97.6,2.4,0
"2020-07-26 01:00:03","Wisconsin",-16.779236545626,-8.32311894068392,0.0154953040986787,"Wisconsin",44.5105675076218,52.2142010183914,3.27523147398677,20.1,79.9,0
"2020-07-26 01:00:03","Wyoming",33.2150474127346,40.941757245649,48.530997022183,"Wyoming",69.1251873376371,28.14008779614,2.73472486622294,100,0,0
"2020-07-26 01:01:42","Alabama",10.2970240384977,16.5440421138597,22.7739902518681,"Alabama",57.3901926985109,40.6446302283639,1.96517707312526,98.3,1.7,0
"2020-07-26 01:01:42","Alaska",1.06653793922346,9.80151943253172,18.4738170010598,"Alaska",52.885065641542,42.9258950597032,4.1890392987549,82,18,0
"2020-07-26 01:01:42","Arizona",-5.44867246724412,2.7209740229907,10.9628361095169,"Arizona",49.6167204987362,47.2375326717914,3.14574682947243,62.3,37.7,0
"2020-07-26 01:01:42","Arkansas",13.2509699907372,21.4135333608036,29.7422226971462,"Arkansas",59.8379331806575,38.1289383311283,2.03312848821416,97.3,2.7,0
"2020-07-26 01:01:42","California",-37.4672901158575,-30.6239036755909,-24.1027454716718,"California",33.1547410753483,63.9155120552054,2.92974686944634,0.5,99.5,0
"2020-07-26 01:01:42","Colorado",-22.5501012054945,-14.3863670840295,-5.75561877969006,"Colorado",41.3520052923079,55.8600987782369,2.78789592945514,7.9,92.1,0
"2020-07-26 01:01:42","Connecticut",-29.6076687585872,-20.5623965016527,-11.5880997982799,"Connecticut",38.7072049086274,59.1528395083015,2.13995558307105,3.3,96.7,0
"2020-07-26 01:01:42","Delaware",-30.8142228800631,-23.577779604595,-16.6008145868368,"Delaware",37.3793356180834,60.8263730554373,1.79429132647925,1.2,98.8,0
"2020-07-26 01:01:42","District of Columbia",-91.0004746117644,-86.3766470929685,-81.7196076462849,"District of Columbia",5.83695161790651,92.0518183303754,2.11123005171807,0,100,0
"2020-07-26 01:01:42","Florida",-13.2602797816092,-5.17254074765638,3.05279957563471,"Florida",45.887372801711,51.0197849580113,3.09284224027767,29,71,0
"2020-07-26 01:01:42","Georgia",-6.37343845443156,0.106597070169652,6.51750905390436,"Georgia",48.910533953279,48.6045850007146,2.48488104600647,51.3,48.7,0
"2020-07-26 01:01:42","Hawaii",-51.4610302017622,-44.0902207618796,-36.4357539685401,"Hawaii",26.8581399471478,70.7906279687858,2.35123208406638,0.2,99.8,0
"2020-07-26 01:01:42","Idaho",20.6062945441295,29.4613060228764,38.2852848942781,"Idaho",63.3687010573173,33.8685350715972,2.76276387108554,99.4,0.6,0
"2020-07-26 01:01:42","Illinois",-30.2937801674642,-22.3017866100564,-14.2985520212428,"Illinois",38.1339100486629,60.0380331296702,1.82805682166693,2.5,97.5,0
"2020-07-26 01:01:42","Indiana",4.38259494035843,12.4960777627464,21.0722536838414,"Indiana",55.2827009470755,42.9235312585922,1.79376779433227,89.2,10.8,0
"2020-07-26 01:01:42","Iowa",-10.3411358138526,-1.26191629597374,7.86769544370453,"Iowa",48.1327061157162,48.7552179931724,3.11207589111142,45.5,54.5,0
"2020-07-26 01:01:42","Kansas",2.67744889149532,10.4425905100188,18.4227474184068,"Kansas",54.0067124524709,43.1342592727697,2.85902827475945,86.5,13.5,0
"2020-07-26 01:01:42","Kentucky",8.95641776876577,16.4630526878268,24.5471816026597,"Kentucky",57.1605865889581,40.587620316859,2.25179309418291,94.4,5.6,0
"2020-07-26 01:01:42","Louisiana",9.57106375354013,16.0952682981382,23.0734827531655,"Louisiana",57.2362441958715,41.0752256575791,1.6885301465494,96.1,3.9,0
"2020-07-26 01:01:42","Maine",-20.821106356031,-12.0248820613738,-3.22129098189806,"Maine",42.5652792188854,54.6878909351916,2.74682984592303,12.3,87.7,0
"2020-07-26 01:01:42","Maine-01",-32.7734433439465,-22.9527186121104,-12.620392044104,"Maine-01",37.0676062544827,60.5490532984921,2.38334044702518,2.7,97.3,0
"2020-07-26 01:01:42","Maine-02",-9.9856558365919,-0.489243626211246,8.64437469069512,"Maine-02",48.4193896028684,48.9959132729622,2.58469712416941,49.5,50.5,0
"2020-07-26 01:01:42","Maryland",-38.4398140193114,-31.4304794737143,-24.5209805088775,"Maryland",33.4734711928763,64.6740112106446,1.85251759647912,0.4,99.6,0
"2020-07-26 01:01:42","Massachusetts",-43.6489002543878,-34.0700524458142,-25.0225866851443,"Massachusetts",31.6531756329105,65.641360635166,2.70546373192351,0.6,99.4,0
"2020-07-26 01:01:42","Michigan",-17.5499895819091,-9.41384434212304,-1.12925554287458,"Michigan",43.6114613212846,53.0008385457345,3.38770013298083,17.5,82.5,0
"2020-07-26 01:01:42","Minnesota",-18.3511259329237,-10.0359168890498,-1.68096061818738,"Minnesota",44.0413447867089,53.4624759250698,2.49617928822133,15.2,84.8,0
"2020-07-26 01:01:42","Mississippi",5.22574111117356,11.1194415088726,17.1316063435588,"Mississippi",54.9413190684099,43.5663321543528,1.49234877723732,94.1,5.9,0
"2020-07-26 01:01:42","Missouri",0.883459500925912,8.39487226165046,16.6209761108331,"Missouri",53.2332635811653,44.5892203297406,2.17751608909411,82.1,17.9,0
"2020-07-26 01:01:42","Montana",3.99981197070769,12.1779733549017,20.6025977277893,"Montana",54.6557357992187,42.4372418366965,2.90702236408484,88.3,11.7,0
"2020-07-26 01:01:42","Nebraska",12.0484884020948,19.7407483075384,27.3062890903323,"Nebraska",58.7575114785934,39.0289423410477,2.21354618035898,97,3,0
"2020-07-26 01:01:42","Nebraska-01",8.14907352856639,15.7778075733308,23.7018915775371,"Nebraska-01",56.8915331262628,40.8695480390408,2.23891883469639,94.5,5.5,0
"2020-07-26 01:01:42","Nebraska-02",-8.60440042727318,-0.607934560315533,7.8099852642542,"Nebraska-02",48.7799954904288,49.0897269205618,2.13027758900939,47.4,52.6,0
"2020-07-26 01:01:42","Nebraska-03",39.8604809471496,47.5691306540899,54.8313410040045,"Nebraska-03",72.6918869877109,25.1663437887328,2.14176922355632,100,0,0
"2020-07-26 01:01:42","Nevada",-16.1380431131158,-7.96137388987643,0.261876185679629,"Nevada",43.9792150946098,52.1440300163081,3.87675488908212,20.7,79.3,0
"2020-07-26 01:01:42","New Hampshire",-16.9548097907011,-6.99359892480766,3.20214893954793,"New Hampshire",44.7354397881273,52.2568263785632,3.00773383330944,28.3,71.7,0
"2020-07-26 01:01:42","New Jersey",-29.9036597618386,-22.0080984270856,-14.147297213413,"New Jersey",37.4940589544259,59.1385706388154,3.36737040675866,2.5,97.5,0
"2020-07-26 01:01:42","New Mexico",-24.0224528593863,-16.3211867224814,-8.96731627173436,"New Mexico",40.6266820635725,56.9722363892008,2.40108154722668,4.3,95.7,0
"2020-07-26 01:01:42","New York",-34.1525050786697,-26.1240673512931,-18.5655863072194,"New York",35.385581048235,61.3074607195413,3.30695823222373,1.5,98.5,0
"2020-07-26 01:01:42","North Carolina",-9.92416399427937,-2.82280435203862,4.50996801147578,"North Carolina",47.1190787433326,50.0539605128818,2.82696074378564,36.3,63.7,0
"2020-07-26 01:01:42","North Dakota",19.2621490332321,27.605138753404,36.1208691869572,"North Dakota",62.5846093318274,34.7845730076348,2.63081766053781,99.1,0.9,0
"2020-07-26 01:01:42","Ohio",-9.80560170877878,-2.1663511909006,5.98513213335258,"Ohio",47.7963628953292,49.6996008663176,2.50403623835322,41.1,58.9,0
"2020-07-26 01:01:42","Oklahoma",21.3237210134654,28.6652338685484,35.8831302511841,"Oklahoma",63.7582408757276,34.7493087869867,1.49245033728571,99.1,0.9,0
"2020-07-26 01:01:42","Oregon",-22.0870704547919,-13.2320605535318,-4.48496044582934,"Oregon",41.5428926502703,54.6435988850059,3.81350846472383,11.4,88.6,0
"2020-07-26 01:01:42","Pennsylvania",-15.2417229360566,-7.27801039580191,0.831184740379303,"Pennsylvania",44.8209670120422,52.0990973769929,3.07993561096489,22.8,77.2,0
"2020-07-26 01:01:42","Rhode Island",-37.652261798816,-27.6630674083253,-17.959077627349,"Rhode Island",34.8960650180784,62.7487520974185,2.35518288450315,1.6,98.4,0
"2020-07-26 01:01:42","South Carolina",1.2979296520802,7.915586916637,14.4974557207618,"South Carolina",52.6468815354426,44.7258162028473,2.62730226171008,84.3,15.7,0
"2020-07-26 01:01:42","South Dakota",15.4815482479579,23.2319939577192,31.1791432234438,"South Dakota",60.8262851574503,37.1027341491191,2.07098069343057,98.2,1.8,0
"2020-07-26 01:01:42","Tennessee",6.10122515712242,14.1946615469587,21.7813459136601,"Tennessee",55.7894595533522,41.5744282113814,2.63611223526645,92.5,7.5,0
"2020-07-26 01:01:42","Texas",-3.90656694859245,3.5911749779982,10.8108887642885,"Texas",50.6203369418953,46.7513778553003,2.62828520280438,66.6,33.4,0
"2020-07-26 01:01:42","Utah",5.18056973338144,13.1277868323919,21.2552266023862,"Utah",54.1097322597924,40.8966576136519,4.99361012655578,89.9,10.1,0
"2020-07-26 01:01:42","Vermont",-45.440324941054,-35.7011551018727,-25.7347856106651,"Vermont",30.7143818290533,66.3136904174537,2.97192775349299,0.8,99.2,0
"2020-07-26 01:01:42","Virginia",-17.4931159292822,-10.0350553599369,-3.0091119152171,"Virginia",43.3278863771493,53.3312723969864,3.34084122586434,13.1,86.9,0
"2020-07-26 01:01:42","Washington",-32.3313966395435,-23.2774519609546,-14.5982638747462,"Washington",36.8382807602907,60.1744510326154,2.98726820709391,2.6,97.4,0
"2020-07-26 01:01:42","West Virginia",18.3024879879846,26.9714909149223,36.1221829369103,"West Virginia",62.7110750829998,35.557309750718,1.73161516628219,97.6,2.4,0
"2020-07-26 01:01:42","Wisconsin",-16.779236545626,-8.32311894068392,0.0154953040986787,"Wisconsin",44.5105675076218,52.2142010183914,3.27523147398677,20.1,79.9,0
"2020-07-26 01:01:42","Wyoming",33.2150474127346,40.941757245649,48.530997022183,"Wyoming",69.1251873376371,28.14008779614,2.73472486622294,100,0,0
"2020-07-26 01:02:27","Alabama",10.2970240384977,16.5440421138597,22.7739902518681,"Alabama",57.3901926985109,40.6446302283639,1.96517707312526,98.3,1.7,0
"2020-07-26 01:02:27","Alaska",1.06653793922346,9.80151943253172,18.4738170010598,"Alaska",52.885065641542,42.9258950597032,4.1890392987549,82,18,0
"2020-07-26 01:02:27","Arizona",-5.44867246724412,2.7209740229907,10.9628361095169,"Arizona",49.6167204987362,47.2375326717914,3.14574682947243,62.3,37.7,0
"2020-07-26 01:02:27","Arkansas",13.2509699907372,21.4135333608036,29.7422226971462,"Arkansas",59.8379331806575,38.1289383311283,2.03312848821416,97.3,2.7,0
"2020-07-26 01:02:27","California",-37.4672901158575,-30.6239036755909,-24.1027454716718,"California",33.1547410753483,63.9155120552054,2.92974686944634,0.5,99.5,0
"2020-07-26 01:02:27","Colorado",-22.5501012054945,-14.3863670840295,-5.75561877969006,"Colorado",41.3520052923079,55.8600987782369,2.78789592945514,7.9,92.1,0
"2020-07-26 01:02:27","Connecticut",-29.6076687585872,-20.5623965016527,-11.5880997982799,"Connecticut",38.7072049086274,59.1528395083015,2.13995558307105,3.3,96.7,0
"2020-07-26 01:02:27","Delaware",-30.8142228800631,-23.577779604595,-16.6008145868368,"Delaware",37.3793356180834,60.8263730554373,1.79429132647925,1.2,98.8,0
"2020-07-26 01:02:27","District of Columbia",-91.0004746117644,-86.3766470929685,-81.7196076462849,"District of Columbia",5.83695161790651,92.0518183303754,2.11123005171807,0,100,0
"2020-07-26 01:02:27","Florida",-13.2602797816092,-5.17254074765638,3.05279957563471,"Florida",45.887372801711,51.0197849580113,3.09284224027767,29,71,0
"2020-07-26 01:02:27","Georgia",-6.37343845443156,0.106597070169652,6.51750905390436,"Georgia",48.910533953279,48.6045850007146,2.48488104600647,51.3,48.7,0
"2020-07-26 01:02:27","Hawaii",-51.4610302017622,-44.0902207618796,-36.4357539685401,"Hawaii",26.8581399471478,70.7906279687858,2.35123208406638,0.2,99.8,0
"2020-07-26 01:02:27","Idaho",20.6062945441295,29.4613060228764,38.2852848942781,"Idaho",63.3687010573173,33.8685350715972,2.76276387108554,99.4,0.6,0
"2020-07-26 01:02:27","Illinois",-30.2937801674642,-22.3017866100564,-14.2985520212428,"Illinois",38.1339100486629,60.0380331296702,1.82805682166693,2.5,97.5,0
"2020-07-26 01:02:27","Indiana",4.38259494035843,12.4960777627464,21.0722536838414,"Indiana",55.2827009470755,42.9235312585922,1.79376779433227,89.2,10.8,0
"2020-07-26 01:02:27","Iowa",-10.3411358138526,-1.26191629597374,7.86769544370453,"Iowa",48.1327061157162,48.7552179931724,3.11207589111142,45.5,54.5,0
"2020-07-26 01:02:27","Kansas",2.67744889149532,10.4425905100188,18.4227474184068,"Kansas",54.0067124524709,43.1342592727697,2.85902827475945,86.5,13.5,0
"2020-07-26 01:02:27","Kentucky",8.95641776876577,16.4630526878268,24.5471816026597,"Kentucky",57.1605865889581,40.587620316859,2.25179309418291,94.4,5.6,0
"2020-07-26 01:02:27","Louisiana",9.57106375354013,16.0952682981382,23.0734827531655,"Louisiana",57.2362441958715,41.0752256575791,1.6885301465494,96.1,3.9,0
"2020-07-26 01:02:27","Maine",-20.821106356031,-12.0248820613738,-3.22129098189806,"Maine",42.5652792188854,54.6878909351916,2.74682984592303,12.3,87.7,0
"2020-07-26 01:02:27","Maine-01",-32.7734433439465,-22.9527186121104,-12.620392044104,"Maine-01",37.0676062544827,60.5490532984921,2.38334044702518,2.7,97.3,0
"2020-07-26 01:02:27","Maine-02",-9.9856558365919,-0.489243626211246,8.64437469069512,"Maine-02",48.4193896028684,48.9959132729622,2.58469712416941,49.5,50.5,0
"2020-07-26 01:02:27","Maryland",-38.4398140193114,-31.4304794737143,-24.5209805088775,"Maryland",33.4734711928763,64.6740112106446,1.85251759647912,0.4,99.6,0
"2020-07-26 01:02:27","Massachusetts",-43.6489002543878,-34.0700524458142,-25.0225866851443,"Massachusetts",31.6531756329105,65.641360635166,2.70546373192351,0.6,99.4,0
"2020-07-26 01:02:27","Michigan",-17.5499895819091,-9.41384434212304,-1.12925554287458,"Michigan",43.6114613212846,53.0008385457345,3.38770013298083,17.5,82.5,0
"2020-07-26 01:02:27","Minnesota",-18.3511259329237,-10.0359168890498,-1.68096061818738,"Minnesota",44.0413447867089,53.4624759250698,2.49617928822133,15.2,84.8,0
"2020-07-26 01:02:27","Mississippi",5.22574111117356,11.1194415088726,17.1316063435588,"Mississippi",54.9413190684099,43.5663321543528,1.49234877723732,94.1,5.9,0
"2020-07-26 01:02:27","Missouri",0.883459500925912,8.39487226165046,16.6209761108331,"Missouri",53.2332635811653,44.5892203297406,2.17751608909411,82.1,17.9,0
"2020-07-26 01:02:27","Montana",3.99981197070769,12.1779733549017,20.6025977277893,"Montana",54.6557357992187,42.4372418366965,2.90702236408484,88.3,11.7,0
"2020-07-26 01:02:27","Nebraska",12.0484884020948,19.7407483075384,27.3062890903323,"Nebraska",58.7575114785934,39.0289423410477,2.21354618035898,97,3,0
"2020-07-26 01:02:27","Nebraska-01",8.14907352856639,15.7778075733308,23.7018915775371,"Nebraska-01",56.8915331262628,40.8695480390408,2.23891883469639,94.5,5.5,0
"2020-07-26 01:02:27","Nebraska-02",-8.60440042727318,-0.607934560315533,7.8099852642542,"Nebraska-02",48.7799954904288,49.0897269205618,2.13027758900939,47.4,52.6,0
"2020-07-26 01:02:27","Nebraska-03",39.8604809471496,47.5691306540899,54.8313410040045,"Nebraska-03",72.6918869877109,25.1663437887328,2.14176922355632,100,0,0
"2020-07-26 01:02:27","Nevada",-16.1380431131158,-7.96137388987643,0.261876185679629,"Nevada",43.9792150946098,52.1440300163081,3.87675488908212,20.7,79.3,0
"2020-07-26 01:02:27","New Hampshire",-16.9548097907011,-6.99359892480766,3.20214893954793,"New Hampshire",44.7354397881273,52.2568263785632,3.00773383330944,28.3,71.7,0
"2020-07-26 01:02:27","New Jersey",-29.9036597618386,-22.0080984270856,-14.147297213413,"New Jersey",37.4940589544259,59.1385706388154,3.36737040675866,2.5,97.5,0
"2020-07-26 01:02:27","New Mexico",-24.0224528593863,-16.3211867224814,-8.96731627173436,"New Mexico",40.6266820635725,56.9722363892008,2.40108154722668,4.3,95.7,0
"2020-07-26 01:02:27","New York",-34.1525050786697,-26.1240673512931,-18.5655863072194,"New York",35.385581048235,61.3074607195413,3.30695823222373,1.5,98.5,0
"2020-07-26 01:02:27","North Carolina",-9.92416399427937,-2.82280435203862,4.50996801147578,"North Carolina",47.1190787433326,50.0539605128818,2.82696074378564,36.3,63.7,0
"2020-07-26 01:02:27","North Dakota",19.2621490332321,27.605138753404,36.1208691869572,"North Dakota",62.5846093318274,34.7845730076348,2.63081766053781,99.1,0.9,0
"2020-07-26 01:02:27","Ohio",-9.80560170877878,-2.1663511909006,5.98513213335258,"Ohio",47.7963628953292,49.6996008663176,2.50403623835322,41.1,58.9,0
"2020-07-26 01:02:27","Oklahoma",21.3237210134654,28.6652338685484,35.8831302511841,"Oklahoma",63.7582408757276,34.7493087869867,1.49245033728571,99.1,0.9,0
"2020-07-26 01:02:27","Oregon",-22.0870704547919,-13.2320605535318,-4.48496044582934,"Oregon",41.5428926502703,54.6435988850059,3.81350846472383,11.4,88.6,0
"2020-07-26 01:02:27","Pennsylvania",-15.2417229360566,-7.27801039580191,0.831184740379303,"Pennsylvania",44.8209670120422,52.0990973769929,3.07993561096489,22.8,77.2,0
"2020-07-26 01:02:27","Rhode Island",-37.652261798816,-27.6630674083253,-17.959077627349,"Rhode Island",34.8960650180784,62.7487520974185,2.35518288450315,1.6,98.4,0
"2020-07-26 01:02:27","South Carolina",1.2979296520802,7.915586916637,14.4974557207618,"South Carolina",52.6468815354426,44.7258162028473,2.62730226171008,84.3,15.7,0
"2020-07-26 01:02:27","South Dakota",15.4815482479579,23.2319939577192,31.1791432234438,"South Dakota",60.8262851574503,37.1027341491191,2.07098069343057,98.2,1.8,0
"2020-07-26 01:02:27","Tennessee",6.10122515712242,14.1946615469587,21.7813459136601,"Tennessee",55.7894595533522,41.5744282113814,2.63611223526645,92.5,7.5,0
"2020-07-26 01:02:27","Texas",-3.90656694859245,3.5911749779982,10.8108887642885,"Texas",50.6203369418953,46.7513778553003,2.62828520280438,66.6,33.4,0
"2020-07-26 01:02:27","Utah",5.18056973338144,13.1277868323919,21.2552266023862,"Utah",54.1097322597924,40.8966576136519,4.99361012655578,89.9,10.1,0
"2020-07-26 01:02:27","Vermont",-45.440324941054,-35.7011551018727,-25.7347856106651,"Vermont",30.7143818290533,66.3136904174537,2.97192775349299,0.8,99.2,0
"2020-07-26 01:02:27","Virginia",-17.4931159292822,-10.0350553599369,-3.0091119152171,"Virginia",43.3278863771493,53.3312723969864,3.34084122586434,13.1,86.9,0
"2020-07-26 01:02:27","Washington",-32.3313966395435,-23.2774519609546,-14.5982638747462,"Washington",36.8382807602907,60.1744510326154,2.98726820709391,2.6,97.4,0
"2020-07-26 01:02:27","West Virginia",18.3024879879846,26.9714909149223,36.1221829369103,"West Virginia",62.7110750829998,35.557309750718,1.73161516628219,97.6,2.4,0
"2020-07-26 01:02:27","Wisconsin",-16.779236545626,-8.32311894068392,0.0154953040986787,"Wisconsin",44.5105675076218,52.2142010183914,3.27523147398677,20.1,79.9,0
"2020-07-26 01:02:27","Wyoming",33.2150474127346,40.941757245649,48.530997022183,"Wyoming",69.1251873376371,28.14008779614,2.73472486622294,100,0,0
